event_id,Date,Country ,administrative_division_1,administrative_division_2,Location,Reported Perpetrator Name,Method of Attack,Object Affected,Sub-Object Affected,Latitude,Longitude,Geo-Precision
"3,236",2023-10-07,occupied Palestinian territories,Gaza Strip,Gaza City,Sheikh Radwan,Armed Forces of Israel,Air or Drone Strike,Crops and Lands,Agricultural Land,31.53,34.47,[2] 25km precision
"3,235",2023-10-07,occupied Palestinian territories,Gaza Strip,Khan Younis,Qizan Al-Najjar,Armed Forces of Israel,Air or Drone Strike,Crops and Lands,Agricultural Land,31.33,34.29,[2] 25km precision
"3,234",2023-10-07,occupied Palestinian territories,Gaza Strip,unknown,unknown,Armed Forces of Israel,Air or Drone Strike,Crops and Lands,Agricultural Land,31.52,34.51,[2] 25km precision
"3,233",2023-10-07,occupied Palestinian territories,Gaza Strip,North Gaza,Beit Lahia,Armed Forces of Israel,Air or Drone Strike,Crops and Lands,Agricultural Land,31.55,34.51,[2] 25km precision
"3,232",2023-10-07,occupied Palestinian territories,Gaza Strip,Deir el-Balah,Nuseirat Refugee Camp,Armed Forces of Israel,"Artillery, Shelling or Missile Fire",Crops and Lands,Agricultural Land,31.45,34.4,[2] 25km precision
"3,092",2023-10-07,occupied Palestinian territories,Gaza Strip,North Gaza,Beit Hanoun,Armed Forces of Israel,Air or Drone Strike,Food Supply Chains,Market,31.54,34.54,[2] 25km precision
"3,228",2023-10-08,occupied Palestinian territories,Gaza Strip,Deir el-Balah,Nuseirat ,Armed Forces of Israel,Air or Drone Strike,Crops and Lands,Agricultural Land,31.45,34.39,[2] 25km precision
"3,231",2023-10-08,occupied Palestinian territories,Gaza Strip,North Gaza,unknown,Armed Forces of Israel,Air or Drone Strike,Crops and Lands,Agricultural Land,31.52,34.51,[2] 25km precision
"3,230",2023-10-08,occupied Palestinian territories,Gaza Strip,North Gaza,unknown,Armed Forces of Israel,Air or Drone Strike,Crops and Lands,Agricultural Land,31.54,34.47,[2] 25km precision
"3,229",2023-10-08,occupied Palestinian territories,Gaza Strip,Gaza City,Sheikh Radwan,Armed Forces of Israel,Air or Drone Strike,Crops and Lands,Agricultural Land,31.54,34.47,[2] 25km precision
"3,227",2023-10-08,occupied Palestinian territories,Gaza Strip,Gaza City,Gaza - At Turukman,Armed Forces of Israel,Air or Drone Strike,Crops and Lands,Agricultural Land,31.49,34.47,[2] 25km precision
"3,112",2023-10-08,occupied Palestinian territories,Gaza Strip,Khan Younis,unknown,Armed Forces of Israel,Air or Drone Strike,Infrastructure and Basic Services,Water Facility,31.31,34.36,[2] 25km precision
"3,225",2023-10-09,occupied Palestinian territories,Gaza Strip,Deir el-Balah,Nuseirat Refugee Camp,Armed Forces of Israel,Air or Drone Strike,Crops and Lands,Agricultural Land,31.46,34.39,[2] 25km precision
"3,222",2023-10-09,occupied Palestinian territories,Gaza Strip,Gaza City,Abasan al Kabirah,Armed Forces of Israel,Air or Drone Strike,Crops and Lands,Agricultural Land,31.32,34.35,[2] 25km precision
"3,223",2023-10-09,occupied Palestinian territories,Gaza Strip,North Gaza,Beit Lahia,Armed Forces of Israel,Air or Drone Strike,Crops and Lands,Agricultural Land,31.55,34.51,[2] 25km precision
"3,224",2023-10-09,occupied Palestinian territories,Gaza Strip,Khan Younis,Al-Zana,Armed Forces of Israel,Air or Drone Strike,Crops and Lands,Agricultural Land,31.35,34.32,[2] 25km precision
"3,226",2023-10-09,occupied Palestinian territories,Gaza Strip,Rafah,Rafah,Armed Forces of Israel,"Artillery, Shelling or Missile Fire",Crops and Lands,Agricultural Land,31.29,34.26,[2] 25km precision
"3,093",2023-10-09,occupied Palestinian territories,Gaza Strip,North Gaza,Jabalia Refugee Camp,Armed Forces of Israel,Air or Drone Strike,Food Supply Chains,Market,31.53,34.5,[2] 25km precision
"3,243",2023-10-10,occupied Palestinian territories,Gaza Strip,Gaza City,Gaza City Port,Armed Forces of Israel,"Artillery, Shelling or Missile Fire","Infrastructure and Basic Services, Private Assets","Fishing Port, Fishing Boats",31.52,34.43,[2] 25km precision
"3,094",2023-10-10,occupied Palestinian territories,Gaza Strip,Gaza City,unknown,Armed Forces of Israel,Air or Drone Strike,Food Supply Chains,Market,31.51,34.48,[2] 25km precision
"3,221",2023-10-11,occupied Palestinian territories,Gaza Strip,Deir el-Balah,unknown,Armed Forces of Israel,Air or Drone Strike,Crops and Lands,Agricultural Land,31.42,34.36,[2] 25km precision
"3,244",2023-10-11,occupied Palestinian territories,Gaza Strip,Gaza City,Gaza City Port,Armed Forces of Israel,"Artillery, Shelling or Missile Fire",Infrastructure and Basic Services,Fishing Port ,31.52,34.43,[2] 25km precision
"3,245",2023-10-11,occupied Palestinian territories,Gaza Strip,Gaza City,Gaza City Port,Armed Forces of Israel,Air or Drone Strike,Private Assets,Fishing Port ,31.52,34.43,[2] 25km precision
"3,246",2023-10-12,occupied Palestinian territories,Gaza Strip,Gaza City,Gaza City Port,Armed Forces of Israel,Air or Drone Strike,Private Assets,Fishing Boats,31.52,34.43,[2] 25km precision
"3,095",2023-10-14,occupied Palestinian territories,Gaza Strip,Deir el-Balah,Nuseirat,Armed Forces of Israel,Air or Drone Strike,Food Supply Chains,Market,31.45,34.39,[2] 25km precision
"3,220",2023-10-15,occupied Palestinian territories,Gaza Strip,North Gaza,Beit Lahia,Armed Forces of Israel,Air or Drone Strike,Crops and Lands,Agricultural Land,31.54,34.51,[2] 25km precision
"3,077",2023-10-16,occupied Palestinian territories,Gaza Strip,Gaza City,Sheikh Radwan,Armed Forces of Israel,Air or Drone Strike,Food Supply Chains,Bakery,31.54,34.47,[2] 25km precision
"3,247",2023-10-16,occupied Palestinian territories,Gaza Strip,Gaza City,Gaza City Port,Armed Forces of Israel,"Artillery, Shelling or Missile Fire",Infrastructure and Basic Services,Fishing Port ,31.52,34.43,[2] 25km precision
"3,075",2023-10-17,occupied Palestinian territories,Gaza Strip,Deir el-Balah,Nuseirat Refugee Camp,Armed Forces of Israel,Air or Drone Strike,Food Supply Chains,Bakery,31.45,31.45,[2] 25km precision
"3,267",2023-10-17,occupied Palestinian territories ,Gaza Strip,unknown,unknown,Armed Forces of Israel,Unidentified,Food Supply Chains,Food Aid Warehouse,31.44,34.36,[2] 25km precision
"3,219",2023-10-18,occupied Palestinian territories,Gaza Strip,Rafah,Rafah,Armed Forces of Israel,Air or Drone Strike,Crops and Lands,Agricultural Land,31.29,34.26,[2] 25km precision
"3,218",2023-10-18,occupied Palestinian territories,Gaza Strip,Rafah,Rafah,Armed Forces of Israel,Air or Drone Strike,Crops and Lands,Agricultural Land,31.29,34.26,[2] 25km precision
"3,088",2023-10-18,occupied Palestinian territories,Gaza Strip,Gaza City,unknown,Armed Forces of Israel,Air or Drone Strike,Food Supply Chains,Bakery,31.51,34.43,[2] 25km precision
"3,217",2023-10-19,occupied Palestinian territories,Gaza Strip,Khan Younis,Newe Deqalim,Armed Forces of Israel,Air or Drone Strike,Crops and Lands,Agricultural Land,31.35,34.27,[2] 25km precision
"3,216",2023-10-20,occupied Palestinian territories,Gaza Strip,Gaza City,Gaza - Ijdeedeh,Armed Forces of Israel,"Artillery, Shelling or Missile Fire",Crops and Lands,Agricultural Land,31.5,34.5,[2] 25km precision
"3,097",2023-10-21,occupied Palestinian territories,Gaza Strip,Deir el-Balah,Nuseirat Refugee Camp,Armed Forces of Israel,Air or Drone Strike,Food Supply Chains,Market,31.45,34.39,[2] 25km precision
"3,096",2023-10-21,occupied Palestinian territories,Gaza Strip,Deir el-Balah,Nuseirat Refugee Camp,Armed Forces of Israel,Air or Drone Strike,Food Supply Chains,Market,31.45,34.39,[2] 25km precision
"3,215",2023-10-22,occupied Palestinian territories,Gaza Strip,Khan Younis,Abasan al Kabirah,Armed Forces of Israel,Air or Drone Strike,Crops and Lands,Agricultural Land,31.32,34.34,[2] 25km precision
"3,214",2023-10-22,occupied Palestinian territories,Gaza Strip,Khan Younis,Abasan al Kabirah,Armed Forces of Israel,"Artillery, Shelling or Missile Fire",Crops and Lands,Agricultural Land,31.32,34.34,[2] 25km precision
"3,213",2023-10-22,occupied Palestinian territories,Gaza Strip,North Gaza,Jabalia,Armed Forces of Israel,"Artillery, Shelling or Missile Fire",Crops and Lands,Agricultural Land,31.53,34.48,[2] 25km precision
"3,212",2023-10-22,occupied Palestinian territories,Gaza Strip,Gaza City,Gaza - At Turukman,Armed Forces of Israel,"Artillery, Shelling or Missile Fire",Crops and Lands,Agricultural Land,31.49,34.47,[2] 25km precision
"3,210",2023-10-22,occupied Palestinian territories,Gaza Strip,Rafah,Rafah,Armed Forces of Israel,"Artillery, Shelling or Missile Fire",Crops and Lands,Agricultural Land,31.29,34.26,[2] 25km precision
"3,211",2023-10-22,occupied Palestinian territories,Gaza Strip,Deir el-Balah,Deir al Balah,Armed Forces of Israel,"Artillery, Shelling or Missile Fire",Crops and Lands,Agricultural Land,31.42,34.35,[2] 25km precision
"3,205",2023-10-23,occupied Palestinian territories,Gaza Strip,Rafah,Rafah,Armed Forces of Israel,"Artillery, Shelling or Missile Fire",Crops and Lands,Agricultural Land,31.29,34.26,[2] 25km precision
"3,206",2023-10-23,occupied Palestinian territories,Gaza Strip,Deir el-Balah,Deir al Balah,Armed Forces of Israel,"Artillery, Shelling or Missile Fire",Crops and Lands,Agricultural Land,31.42,34.35,[2] 25km precision
"3,207",2023-10-23,occupied Palestinian territories,Gaza Strip,Gaza City,Gaza - At Turukman,Armed Forces of Israel,"Artillery, Shelling or Missile Fire",Crops and Lands,Agricultural Land,31.49,34.47,[2] 25km precision
"3,208",2023-10-23,occupied Palestinian territories,Gaza Strip,North Gaza,Jabalia,Armed Forces of Israel,"Artillery, Shelling or Missile Fire",Crops and Lands,Agricultural Land,31.53,34.48,[2] 25km precision
"3,209",2023-10-23,occupied Palestinian territories,Gaza Strip,Khan Younis,Abasan al Kabirah,Armed Forces of Israel,"Artillery, Shelling or Missile Fire",Crops and Lands,Agricultural Land,31.32,34.34,[2] 25km precision
"3,098",2023-10-23,occupied Palestinian territories,Gaza Strip,Deir el-Balah,Nuseirat Refugee Camp,Armed Forces of Israel,Air or Drone Strike,Food Supply Chains,Market,31.45,34.39,[2] 25km precision
"3,202",2023-10-24,occupied Palestinian territories,Gaza Strip,Deir el-Balah,Deir al Balah,Armed Forces of Israel,"Artillery, Shelling or Missile Fire",Crops and Lands,Agricultural Land,31.42,34.35,[2] 25km precision
"3,203",2023-10-24,occupied Palestinian territories,Gaza Strip,Gaza City,Gaza - At Turukman,Armed Forces of Israel,"Artillery, Shelling or Missile Fire",Crops and Lands,Agricultural Land,31.49,34.47,[2] 25km precision
"3,204",2023-10-24,occupied Palestinian territories,Gaza Strip,Khan Younis,Abasan al Kabirah,Armed Forces of Israel,"Artillery, Shelling or Missile Fire",Crops and Lands,Agricultural Land,31.32,34.34,[2] 25km precision
"3,076",2023-10-24,occupied Palestinian territories,Gaza Strip,Deir el-Balah,Maghazi Refugee Camp,Armed Forces of Israel,Air or Drone Strike,Food Supply Chains,Bakery,31.42,34.39,[2] 25km precision
"3,200",2023-10-24,occupied Palestinian territories,Gaza Strip,North Gaza,unknown,Armed Forces of Israel,Air or Drone Strike,Crops and Lands,Agricultural Land,31.51,34.49,[2] 25km precision
"3,201",2023-10-24,occupied Palestinian territories,Gaza Strip,Rafah,Rafah,Armed Forces of Israel,"Artillery, Shelling or Missile Fire",Crops and Lands,Agricultural Land,31.29,34.26,[2] 25km precision
"3,099",2023-10-24,occupied Palestinian territories,Gaza Strip,Deir el-Balah,Nuseirat Refugee Camp,Armed Forces of Israel,Air or Drone Strike,Food Supply Chains,Market,31.45,34.39,[2] 25km precision
"3,194",2023-10-25,occupied Palestinian territories,Gaza Strip,Khan Younis,Abasan al Kabirah,Armed Forces of Israel,Air or Drone Strike,Population,Farmer/s,31.32,34.34,[2] 25km precision
"3,199",2023-10-25,occupied Palestinian territories,Gaza Strip,Khan Younis,Abasan al Kabirah,Armed Forces of Israel,"Artillery, Shelling or Missile Fire",Crops and Lands,Agricultural Land,31.32,34.34,[2] 25km precision
"3,074",2023-10-25,occupied Palestinian territories,Gaza Strip,Gaza City,unknown,Armed Forces of Israel,Air or Drone Strike,Food Supply Chains,Bakery,31.5,34.45,[2] 25km precision
"3,078",2023-10-25,occupied Palestinian territories,Gaza Strip,Gaza City,unknown,Armed Forces of Israel,Air or Drone Strike,Food Supply Chains,Bakery,31.5,34.46,[2] 25km precision
"3,079",2023-10-25,occupied Palestinian territories,Gaza Strip,Gaza City,unknown,Armed Forces of Israel,Air or Drone Strike,Food Supply Chains,Bakery,31.51,34.46,[2] 25km precision
"3,080",2023-10-25,occupied Palestinian territories,Gaza Strip,Gaza City,unknown,Armed Forces of Israel,Air or Drone Strike,Food Supply Chains,Bakery,31.5,34.47,[2] 25km precision
"3,081",2023-10-25,occupied Palestinian territories,Gaza Strip,North Gaza,Jabalia Refugee Camp,Armed Forces of Israel,Air or Drone Strike,Food Supply Chains,Bakery,31.53,34.48,[2] 25km precision
"3,083",2023-10-25,occupied Palestinian territories,Gaza Strip,North Gaza,Jabalia Refugee Camp,Armed Forces of Israel,Air or Drone Strike,Food Supply Chains,Bakery,31.54,34.5,[2] 25km precision
"3,195",2023-10-25,occupied Palestinian territories,Gaza Strip,Rafah,Rafah,Armed Forces of Israel,"Artillery, Shelling or Missile Fire",Crops and Lands,Agricultural Land,31.29,34.26,[2] 25km precision
"3,198",2023-10-25,occupied Palestinian territories,Gaza Strip,North Gaza,Jabalia,Armed Forces of Israel,"Artillery, Shelling or Missile Fire",Crops and Lands,Agricultural Land,31.53,34.48,[2] 25km precision
"3,197",2023-10-25,occupied Palestinian territories,Gaza Strip,Gaza City,Gaza - At Turukman,Armed Forces of Israel,"Artillery, Shelling or Missile Fire",Crops and Lands,Agricultural Land,31.49,34.47,[2] 25km precision
"3,082",2023-10-25,occupied Palestinian territories,Gaza Strip,Gaza City,unknown,Armed Forces of Israel,Air or Drone Strike,Food Supply Chains,Bakery,31.5,34.47,[2] 25km precision
"3,196",2023-10-25,occupied Palestinian territories,Gaza Strip,Deir el-Balah,Deir al Balah,Armed Forces of Israel,"Artillery, Shelling or Missile Fire",Crops and Lands,Agricultural Land,31.42,34.35,[2] 25km precision
"3,191",2023-10-26,occupied Palestinian territories,Gaza Strip,Deir el-Balah,Deir al Balah,Armed Forces of Israel,"Artillery, Shelling or Missile Fire",Crops and Lands,Agricultural Land,31.42,34.35,[2] 25km precision
"3,193",2023-10-26,occupied Palestinian territories,Gaza Strip,North Gaza,Jabalia,Armed Forces of Israel,"Artillery, Shelling or Missile Fire",Crops and Lands,Agricultural Land,31.53,34.48,[2] 25km precision
"3,192",2023-10-26,occupied Palestinian territories,Gaza Strip,Gaza City,Gaza - At Turukman,Armed Forces of Israel,"Artillery, Shelling or Missile Fire",Crops and Lands,Agricultural Land,31.49,34.47,[2] 25km precision
"3,190",2023-10-27,occupied Palestinian territories,Gaza Strip,Khan Younis,Newe Deqalim,Armed Forces of Israel,Air or Drone Strike,Crops and Lands,Agricultural Land,31.35,34.27,[2] 25km precision
"3,189",2023-10-27,occupied Palestinian territories,Gaza Strip,Khan Younis,Abasan al Kabirah,Armed Forces of Israel,Air or Drone Strike,Crops and Lands,Agricultural Land,31.32,34.34,[2] 25km precision
"3,237",2023-10-28,occupied Palestinian territories,Gaza Strip,Deir el-Balah,unknown,Civilians (Palestinians),Looting or Robbery,Food Supply Chains,Food Aid,31.42,34.35,[2] 25km precision
"3,073",2023-10-30,occupied Palestinian territories,Gaza Strip,Khan Younis,Al Amal,Armed Forces of Israel,Air or Drone Strike,Food Supply Chains,Bakery,31.35,34.29,[2] 25km precision
"3,188",2023-10-31,occupied Palestinian territories,Gaza Strip,Gaza City,Tal Al-Hawa,Armed Forces of Israel,Air or Drone Strike,Crops and Lands,Agricultural Land,31.51,34.43,[2] 25km precision
"3,072",2023-11-01,occupied Palestinian territories,Gaza Strip,Gaza City,unknown,Armed Forces of Israel,Air or Drone Strike,Food Supply Chains,Bakery,31.54,34.46,[2] 25km precision
"3,186",2023-11-02,occupied Palestinian territories,Gaza Strip,Khan Younis,Al Qararah,Armed Forces of Israel,Air or Drone Strike,Crops and Lands,Agricultural Land,31.37,34.34,[2] 25km precision
"3,085",2023-11-02,occupied Palestinian territories,Gaza Strip,North Gaza,unknown,Armed Forces of Israel,Unidentified,Food Supply Chains,Bakery,31.55,34.5,[2] 25km precision
"3,184",2023-11-02,occupied Palestinian territories,Gaza Strip,Rafah,Rafah,Armed Forces of Israel,Firearms,Population,Farmer/s,31.29,34.26,[2] 25km precision
"3,185",2023-11-02,occupied Palestinian territories,Gaza Strip,Khan Younis,Abasan al Kabirah,Armed Forces of Israel,Firearms,Population,Farmer/s,31.32,34.34,[2] 25km precision
"3,187",2023-11-03,occupied Palestinian territories,Gaza Strip,Deir el-Balah,unknown,Armed Forces of Israel,Air or Drone Strike,Crops and Lands,Agricultural Land,31.43,34.36,[2] 25km precision
"3,089",2023-11-04,occupied Palestinian territories,Gaza Strip,Gaza City,unknown,Armed Forces of Israel,Air or Drone Strike,Infrastructure and Basic Services,Generators and Solar Panels of Bakery,31.52,34.45,[2] 25km precision
"3,100",2023-11-04,occupied Palestinian territories,Gaza Strip,Gaza City,Shejaiya,Armed Forces of Israel,Air or Drone Strike,Food Supply Chains,Market,31.5,34.47,[2] 25km precision
"3,183",2023-11-04,occupied Palestinian territories,Gaza Strip,Rafah,unknown,Armed Forces of Israel,Air or Drone Strike,Population,Farmer/s,31.3,34.27,[2] 25km precision
"3,248",2023-11-04,occupied Palestinian territories,Gaza Strip,Rafah,Coast close to Rafah,Armed Forces of Israel,"Artillery, Shelling or Missile Fire",Private Assets,Fishing Boats,31.33,34.23,[2] 25km precision
"3,108",2023-11-04,occupied Palestinian territories,Gaza Strip,Rafah,Rafah,Armed Forces of Israel,Air or Drone Strike,Infrastructure and Basic Services,Water Facility,31.29,34.26,[2] 25km precision
"3,109",2023-11-04,occupied Palestinian territories,Gaza Strip,North Gaza,Tel Zaatar,Armed Forces of Israel,Unidentified,Infrastructure and Basic Services,Water Facility,31.53,34.51,[2] 25km precision
"3,084",2023-11-06,occupied Palestinian territories,Gaza Strip,Gaza City,unknown,Armed Forces of Israel,Air or Drone Strike,Food Supply Chains,Bakery,31.5,34.46,[2] 25km precision
"3,182",2023-11-07,occupied Palestinian territories,Gaza Strip,Khan Younis,Al-Satar Gharbi,Armed Forces of Israel,Air or Drone Strike,Crops and Lands,Agricultural Land,31.34,34.29,[2] 25km precision
"3,086",2023-11-08,occupied Palestinian territories,Gaza Strip,Gaza City,unknown,Armed Forces of Israel,Unidentified,Food Supply Chains,Bakery,31.5,34.47,[2] 25km precision
"3,087",2023-11-09,occupied Palestinian territories,Gaza Strip,Gaza City,Al Shujaeyyah,Armed Forces of Israel,Air or Drone Strike,Food Supply Chains,Bakery,31.5,34.47,[2] 25km precision
"3,111",2023-11-11,occupied Palestinian territories,Gaza Strip,North Gaza,Atatra (plant located to the west of Atatra),Armed Forces of Israel,Unidentified,Infrastructure and Basic Services,Water Facility,31.56,34.47,[2] 25km precision
"3,181",2023-11-11,occupied Palestinian territories,Gaza Strip,Khan Younis,Bani Suheila,Armed Forces of Israel,Air or Drone Strike,Crops and Lands,Agricultural Land,31.34,34.33,[2] 25km precision
"3,249",2023-11-12,occupied Palestinian territories,Gaza Strip,Deir el-Balah,Nuseirat beach,Armed Forces of Israel,Air or Drone Strike,Private Assets,Fishing Boats,31.46,34.37,[2] 25km precision
"3,180",2023-11-13,occupied Palestinian territories,Gaza Strip,Khan Younis,Bani Suheila,Armed Forces of Israel,Air or Drone Strike,Crops and Lands,Agricultural Land,31.34,34.33,[2] 25km precision
"3,090",2023-11-15,occupied Palestinian territories,Gaza Strip,Deir el-Balah,unknown,Armed Forces of Israel,"Artillery, Shelling or Missile Fire",Food Supply Chains,Flour Mill,31.41,34.37,[2] 25km precision
"3,241",2023-11-16,occupied Palestinian territories,Gaza Strip,Rafah,Rafah,Armed Forces of Israel,Air or Drone Strike,Infrastructure and Basic Services,Farm,31.28,34.29,[2] 25km precision
"3,179",2023-11-16,occupied Palestinian territories,Gaza Strip,Rafah,Al Bayuk,Armed Forces of Israel,Air or Drone Strike,Private Assets,Farm,31.27,34.29,[2] 25km precision
"3,071",2023-11-16,occupied Palestinian territories,Gaza Strip,North Gaza,unknown,Armed Forces of Israel,Air or Drone Strike,Food Supply Chains,Bakery,31.53,34.48,[2] 25km precision
"3,110",2023-11-16,occupied Palestinian territories,Gaza Strip,Gaza City,Tal Al-Hawa,Unidentified,Unidentified,Infrastructure and Basic Services,Water Facility,31.5,34.43,[2] 25km precision
"3,178",2023-11-17,occupied Palestinian territories,Gaza Strip,Rafah,unknown,Armed Forces of Israel,Air or Drone Strike,Crops and Lands,Agricultural Land,31.3,34.26,[2] 25km precision
"3,177",2023-11-19,occupied Palestinian territories,Gaza Strip,Rafah,Khirbet Al-Adas,Armed Forces of Israel,Air or Drone Strike,Crops and Lands,Agricultural Land,31.29,34.27,[2] 25km precision
"3,175",2023-11-21,occupied Palestinian territories,Gaza Strip,Rafah,Rafah,Armed Forces of Israel,Air or Drone Strike,Crops and Lands,Agricultural Land,31.29,34.26,[2] 25km precision
"3,176",2023-11-21,occupied Palestinian territories,Gaza Strip,Deir el-Balah,Nuseirat ,Armed Forces of Israel,Air or Drone Strike,Crops and Lands,Agricultural Land,31.45,34.39,[2] 25km precision
"3,173",2023-11-22,occupied Palestinian territories,Gaza Strip,Khan Younis,Al Qararah,Armed Forces of Israel,Air or Drone Strike,Crops and Lands,Agricultural Land,31.37,34.34,[2] 25km precision
"3,174",2023-11-22,occupied Palestinian territories,Gaza Strip,Khan Younis,Bani Suheila,Armed Forces of Israel,Air or Drone Strike,Crops and Lands,Agricultural Land,31.34,34.32,[2] 25km precision
"3,172",2023-11-23,occupied Palestinian territories,Gaza Strip,Khan Younis,unknown,Armed Forces of Israel,Air or Drone Strike,Crops and Lands,Agricultural Land,31.35,34.28,[2] 25km precision
"3,171",2023-11-23,occupied Palestinian territories,Gaza Strip,Khan Younis,Bani Suheila,Armed Forces of Israel,Air or Drone Strike,Crops and Lands,Agricultural Land,31.34,34.33,[2] 25km precision
"3,240",2023-11-26,occupied Palestinian territories,Gaza Strip,Deir el-Balah,Maghazi Refugee Camp,Armed Forces of Israel,Unidentified,Population,Farmer/s,31.42,34.39,[2] 25km precision
"3,170",2023-11-26,occupied Palestinian territories,Gaza Strip,Rafah,unknown,Armed Forces of Israel,Unidentified,Crops and Lands,Agricultural Land,31.29,34.27,[2] 25km precision
"3,169",2023-11-29,occupied Palestinian territories,Gaza Strip,Khan Younis,Khan Younis,Armed Forces of Israel,Firearms,Population,Farmer/s,31.35,34.31,[2] 25km precision
"3,168",2023-11-30,occupied Palestinian territories,Gaza Strip,Khan Younis,Khan Younis,Armed Forces of Israel,Unidentified,Crops and Lands,Agricultural Land,31.35,34.31,[2] 25km precision
"3,167",2023-12-01,occupied Palestinian territories,Gaza Strip,Khan Younis,unknown,Armed Forces of Israel,Air or Drone Strike,Crops and Lands,Agricultural Land,31.35,34.33,[2] 25km precision
"3,166",2023-12-01,occupied Palestinian territories,Gaza Strip,Deir el-Balah,Maghazi Refugee Camp,Armed Forces of Israel,Air or Drone Strike,Crops and Lands,Agricultural Land,31.43,34.39,[2] 25km precision
"3,101",2023-12-01,occupied Palestinian territories,Gaza Strip,Rafah,Rafah,Armed Forces of Israel,Air or Drone Strike,Food Supply Chains,Market,31.31,34.24,[2] 25km precision
"3,165",2023-12-02,occupied Palestinian territories,Gaza Strip,Khan Younis,unknown,Armed Forces of Israel,Air or Drone Strike,Crops and Lands,Agricultural Land,31.33,34.3,[2] 25km precision
"3,070",2023-12-03,occupied Palestinian territories,Gaza Strip,Deir el-Balah,Deir al Balah,Armed Forces of Israel,Air or Drone Strike,Food Supply Chains,Bakery,31.42,34.35,[2] 25km precision
"3,163",2023-12-04,occupied Palestinian territories,Gaza Strip,Khan Younis,unknown,Armed Forces of Israel,Air or Drone Strike,Crops and Lands,Agricultural Land,31.34,34.29,[2] 25km precision
"3,164",2023-12-04,occupied Palestinian territories,Gaza Strip,Khan Younis,unknown,Armed Forces of Israel,Air or Drone Strike,Crops and Lands,Agricultural Land,31.34,34.3,[2] 25km precision
"3,091",2023-12-04,occupied Palestinian territories,Gaza Strip,Deir el-Balah,unknown,Civilians (Palestinians),Looting or Robbery,Food Supply Chains,Food,31.42,34.35,[2] 25km precision
"3,162",2023-12-05,occupied Palestinian territories,Gaza Strip,Deir el-Balah,Deir al Balah,Armed Forces of Israel,"Artillery, Shelling or Missile Fire",Private Assets,Farm,31.42,34.35,[2] 25km precision
"3,158",2023-12-05,occupied Palestinian territories,Gaza Strip,Deir el-Balah,Abu Hosni Street,Armed Forces of Israel,Air or Drone Strike,Food Supply Chains,Bakery,31.42,34.36,[2] 25km precision
"3,161",2023-12-06,occupied Palestinian territories,Gaza Strip,Deir el-Balah,Al Maghazi,Armed Forces of Israel,Air or Drone Strike,Crops and Lands,Agricultural Land,31.42,34.39,[2] 25km precision
"3,160",2023-12-06,occupied Palestinian territories,Gaza Strip,Rafah,Khirbet Al-Adas,Armed Forces of Israel,Air or Drone Strike,Crops and Lands,Agricultural Land,31.29,34.27,[2] 25km precision
"3,159",2023-12-06,occupied Palestinian territories,Gaza Strip,Deir el-Balah,Al Musaddar,Armed Forces of Israel,Air or Drone Strike,Crops and Lands,Agricultural Land,31.41,34.38,[2] 25km precision
"3,102",2023-12-07,occupied Palestinian territories,Gaza Strip,Gaza City,unknown,Armed Forces of Israel,Air or Drone Strike,Food Supply Chains,Market,31.5,34.46,[2] 25km precision
"3,157",2023-12-09,occupied Palestinian territories,Gaza Strip,Khan Younis,unknown,Armed Forces of Israel,Air or Drone Strike,Crops and Lands,Agricultural Land,31.35,34.34,[2] 25km precision
"3,238",2023-12-10,occupied Palestinian territories,Gaza Strip,Gaza City,Shejaiya,Armed Forces of Israel,Arson,Food Supply Chains,Food Aid,31.5,34.47,[2] 25km precision
"3,155",2023-12-11,occupied Palestinian territories,Gaza Strip,Rafah,Al-Salam,Armed Forces of Israel,Air or Drone Strike,Crops and Lands,Agricultural Land,31.29,34.25,[2] 25km precision
"3,156",2023-12-11,occupied Palestinian territories,Gaza Strip,Rafah,Khirbet Al-Adas,Armed Forces of Israel,Air or Drone Strike,Crops and Lands,Agricultural Land,31.28,34.27,[2] 25km precision
"3,153",2023-12-14,occupied Palestinian territories,Gaza Strip,Rafah,unknown,Armed Forces of Israel,Air or Drone Strike,Crops and Lands,Agricultural Land,31.31,34.25,[2] 25km precision
"3,154",2023-12-14,occupied Palestinian territories,Gaza Strip,Deir el-Balah,Az-Zawayda,Armed Forces of Israel,Air or Drone Strike,Crops and Lands,Agricultural Land,31.43,34.37,[2] 25km precision
"3,152",2023-12-15,occupied Palestinian territories,Gaza Strip,Rafah,unknown,Armed Forces of Israel,Air or Drone Strike,Crops and Lands,Agricultural Land,31.3,34.25,[2] 25km precision
"3,151",2023-12-16,occupied Palestinian territories,Gaza Strip,Rafah,unknown,Armed Forces of Israel,Air or Drone Strike,Crops and Lands,Agricultural Land,31.3,34.24,[2] 25km precision
"3,250",2023-12-17,occupied Palestinian territories,Gaza Strip,unknown,Mediterranean Sea on coast of Gaza Strip,Armed Forces of Israel,Unidentified,"Population, Private Assets","Fishers, Fishing Boats",31.44,34.35,[2] 25km precision
"3,239",2023-12-17,occupied Palestinian territories,Gaza Strip,Rafah,Rafah Crossing,Civilians (Palestinians),Looting or Robbery,Food Supply Chains,Food Aid,31.25,34.26,[2] 25km precision
"3,266",2023-12-17,occupied Palestinian territories ,Gaza Strip,Rafah,unknown,Civilians (Palestinians),Looting or Robbery,Food Supply Chains,Food Aid,31.28,34.28,[2] 25km precision
"3,104",2023-12-20,occupied Palestinian territories,Gaza Strip,North Gaza,Jabalia Refugee Camp,Armed Forces of Israel,Air or Drone Strike,Food Supply Chains,Market,31.53,34.5,[2] 25km precision
"3,148",2023-12-20,occupied Palestinian territories,Gaza Strip,Khan Younis,Al Fukhari,Armed Forces of Israel,Air or Drone Strike,Crops and Lands,Agricultural Land,31.3,34.33,[2] 25km precision
"3,149",2023-12-20,occupied Palestinian territories,Gaza Strip,Deir el-Balah,Al Maghazi,Armed Forces of Israel,Air or Drone Strike,Crops and Lands,Agricultural Land,31.42,34.39,[2] 25km precision
"3,150",2023-12-20,occupied Palestinian territories,Gaza Strip,Rafah,Rafah,Armed Forces of Israel,Air or Drone Strike,Crops and Lands,Agricultural Land,31.29,34.26,[2] 25km precision
"3,103",2023-12-22,occupied Palestinian territories,Gaza Strip,Khan Younis,Khan Younis,Armed Forces of Israel,"Artillery, Shelling or Missile Fire",Food Supply Chains,Market,31.35,34.3,[2] 25km precision
"3,147",2023-12-24,occupied Palestinian territories,Gaza Strip,Deir el-Balah,Nuseirat Refugee Camp,Armed Forces of Israel,"Artillery, Shelling or Missile Fire",Crops and Lands,Agricultural Land,31.45,34.4,[2] 25km precision
"3,145",2023-12-25,occupied Palestinian territories,Gaza Strip,Deir el-Balah,Nuseirat Refugee Camp,Armed Forces of Israel,Air or Drone Strike,Crops and Lands,Agricultural Land,31.45,34.38,[2] 25km precision
"3,146",2023-12-25,occupied Palestinian territories,Gaza Strip,Deir el-Balah,Az-Zawayda,Armed Forces of Israel,Air or Drone Strike,Crops and Lands,Agricultural Land,31.43,34.37,[2] 25km precision
"3,105",2023-12-27,occupied Palestinian territories,Gaza Strip,Khan Younis,Khan Younis,Armed Forces of Israel,"Artillery, Shelling or Missile Fire",Food Supply Chains,Market,31.35,34.3,[2] 25km precision
"3,144",2023-12-27,occupied Palestinian territories,Gaza Strip,Rafah,Moraj area,Armed Forces of Israel,Air or Drone Strike,Crops and Lands,Agricultural Land,31.32,34.24,[2] 25km precision
"3,143",2023-12-28,occupied Palestinian territories,Gaza Strip,Rafah,Al Zahra,Armed Forces of Israel,Air or Drone Strike,Crops and Lands,Agricultural Land,31.32,34.25,[2] 25km precision
"3,142",2023-12-29,occupied Palestinian territories,Gaza Strip,Rafah,Rafah,Armed Forces of Israel,Air or Drone Strike,Crops and Lands,Agricultural Land,31.3,34.25,[2] 25km precision
"3,141",2023-12-31,occupied Palestinian territories,Gaza Strip,Deir el-Balah,Az-Zawayda,Armed Forces of Israel,Unidentified,Crops and Lands,Agricultural Land,31.43,34.37,[2] 25km precision
"3,137",2024-01-01,occupied Palestinian territories,Gaza Strip,Deir el-Balah,Nuseirat Refugee Camp,Armed Forces of Israel,Air or Drone Strike,Crops and Lands,Agricultural Land,31.45,34.39,[2] 25km precision
"3,138",2024-01-01,occupied Palestinian territories,Gaza Strip,Rafah,Rafah,Armed Forces of Israel,Air or Drone Strike,Crops and Lands,Agricultural Land,31.26,34.26,[2] 25km precision
"3,139",2024-01-01,occupied Palestinian territories,Gaza Strip,Deir el-Balah,Maghazi Refugee Camp,Armed Forces of Israel,Air or Drone Strike,Crops and Lands,Agricultural Land,31.42,34.38,[2] 25km precision
"3,140",2024-01-01,occupied Palestinian territories,Gaza Strip,Rafah,Rafah,Armed Forces of Israel,Air or Drone Strike,Crops and Lands,Agricultural Land,31.32,34.25,[2] 25km precision
"3,106",2024-01-02,occupied Palestinian territories,Gaza Strip,Deir el-Balah,Nuseirat Refugee Camp,Armed Forces of Israel,Air or Drone Strike,Food Supply Chains,Market,31.45,34.39,[2] 25km precision
"3,135",2024-01-03,occupied Palestinian territories,Gaza Strip,Khan Younis,Al-Manara,Armed Forces of Israel,Air or Drone Strike,Crops and Lands,Agricultural Land,31.33,34.32,[2] 25km precision
"3,136",2024-01-03,occupied Palestinian territories,Gaza Strip,Deir el-Balah,Maghazi Refugee Camp,Armed Forces of Israel,Air or Drone Strike,Crops and Lands,Agricultural Land,31.42,34.38,[2] 25km precision
"3,134",2024-01-04,occupied Palestinian territories,Gaza Strip,Khan Younis,Khan Younis,Armed Forces of Israel,Air or Drone Strike,Crops and Lands,Agricultural Land,31.34,34.28,[2] 25km precision
"3,133",2024-01-06,occupied Palestinian territories,Gaza Strip,Rafah,Moraj area,Armed Forces of Israel,Air or Drone Strike,Crops and Lands,Agricultural Land,31.31,34.25,[2] 25km precision
"3,132",2024-01-07,occupied Palestinian territories,Gaza Strip,Rafah,Mukhayyam Rafah,Armed Forces of Israel,Air or Drone Strike,Crops and Lands,Agricultural Land,31.28,34.25,[2] 25km precision
"3,131",2024-01-09,occupied Palestinian territories,Gaza Strip,Rafah,Rafah,Armed Forces of Israel,Air or Drone Strike,Crops and Lands,Agricultural Land,31.31,34.25,[2] 25km precision
"3,130",2024-01-10,occupied Palestinian territories,Gaza Strip,Rafah,Rafah,Armed Forces of Israel,Air or Drone Strike,Crops and Lands,Agricultural Land,31.3,34.27,[2] 25km precision
"3,242",2024-01-10,occupied Palestinian territories,Gaza Strip,Rafah,Rafah,Armed Forces of Israel,"Artillery, Shelling or Missile Fire",Population,Farmer/s,31.28,34.29,[2] 25km precision
"3,311",2024-01-11,occupied Palestinian territories ,Gaza Strip,Gaza City,Al Rashid Road,Armed Forces of Israel,Explosive,"Food Supply Chains, Population",People Waiting for or Receiving Aid,31.5,34.41,[5] Linear feature (i.e. along a river or road)
"3,129",2024-01-12,occupied Palestinian territories,Gaza Strip,Rafah,Al Shouka,Armed Forces of Israel,Air or Drone Strike,Crops and Lands,Agricultural Land,31.29,34.29,[2] 25km precision
"3,128",2024-01-12,occupied Palestinian territories,Gaza Strip,Deir el-Balah,Deir al Balah,Armed Forces of Israel,Air or Drone Strike,Crops and Lands,Agricultural Land,31.42,34.35,[2] 25km precision
"3,127",2024-01-17,occupied Palestinian territories,Gaza Strip,Deir el-Balah,Nuseirat ,Armed Forces of Israel,"Artillery, Shelling or Missile Fire",Crops and Lands,Agricultural Land,31.45,34.4,[2] 25km precision
"3,126",2024-01-17,occupied Palestinian territories,Gaza Strip,Rafah,Rafah,Armed Forces of Israel,Air or Drone Strike,Crops and Lands,Agricultural Land,31.3,34.27,[2] 25km precision
"3,107",2024-01-21,occupied Palestinian territories,Gaza Strip,Gaza City,Yarmouk Market,Armed Forces of Israel,Air or Drone Strike,Food Supply Chains,Market,31.51,34.46,[2] 25km precision
"3,251",2024-01-21,occupied Palestinian territories,Gaza Strip,Deir el-Balah,Mediterranean Sea close to Az-Zawayda,Armed Forces of Israel,Unidentified,"Population, Private Assets","Fishers, Fishing Boats",31.44,34.35,[2] 25km precision
"3,125",2024-01-22,occupied Palestinian territories,Gaza Strip,Gaza City,Zeitoun,Armed Forces of Israel,Air or Drone Strike,Crops and Lands,Agricultural Land,31.5,34.44,[2] 25km precision
"3,124",2024-01-24,occupied Palestinian territories,Gaza Strip,Deir el-Balah,Nuseirat Refugee Camp,Armed Forces of Israel,Air or Drone Strike,Crops and Lands,Agricultural Land,31.45,34.4,[2] 25km precision
"3,122",2024-01-27,occupied Palestinian territories,Gaza Strip,Gaza City,Tal Al-Hawa,Armed Forces of Israel,Air or Drone Strike,Crops and Lands,Agricultural Land,31.51,34.43,[2] 25km precision
"3,123",2024-01-27,occupied Palestinian territories,Gaza Strip,Deir el-Balah,Nuseirat Refugee Camp,Armed Forces of Israel,Air or Drone Strike,Crops and Lands,Agricultural Land,31.45,34.4,[2] 25km precision
"3,310",2024-01-28,occupied Palestinian territories ,Gaza Strip,Gaza City,Kuwait Roundabout,Armed Forces of Israel,Explosive,"Food Supply Chains, Population",People Waiting for or Receiving Aid,31.48,34.44,"[3] District, Municipality, Commune"
"3,121",2024-01-31,occupied Palestinian territories,Gaza Strip,Deir el-Balah,unknown,Armed Forces of Israel,Air or Drone Strike,Crops and Lands,Agricultural Land,31.42,34.36,[2] 25km precision
"3,120",2024-02-02,occupied Palestinian territories,Gaza Strip,Deir el-Balah,Az-Zawayda,Armed Forces of Israel,Air or Drone Strike,Crops and Lands,Agricultural Land,31.43,34.37,[2] 25km precision
"3,119",2024-02-03,occupied Palestinian territories,Gaza Strip,Deir el-Balah,unknown,Armed Forces of Israel,Air or Drone Strike,Crops and Lands,Agricultural Land,31.41,34.35,[2] 25km precision
"3,309",2024-02-04,occupied Palestinian territories ,Gaza Strip,Gaza City,Kuwait Roundabout,Armed Forces of Israel,Firearms,"Food Supply Chains, Population",People Waiting for or Receiving Aid,31.48,34.44,"[3] District, Municipality, Commune"
"3,262",2024-02-05,occupied Palestinian territories ,Gaza Strip,Gaza City,Al Rashid Road,Armed Forces of Israel,Firearms,Food Supply Chains,Food Aid Truck,31.48,34.39,[1] Exact location
"3,118",2024-02-05,occupied Palestinian territories,Gaza Strip,Rafah,unknown,Armed Forces of Israel,Air or Drone Strike,Crops and Lands,Agricultural Land,31.26,34.26,[2] 25km precision
"3,115",2024-02-06,occupied Palestinian territories,Gaza Strip,Rafah,unknown,Armed Forces of Israel,Air or Drone Strike,Crops and Lands,Agricultural Land,31.24,34.27,[2] 25km precision
"3,117",2024-02-06,occupied Palestinian territories,Gaza Strip,Rafah,unknown,Armed Forces of Israel,Air or Drone Strike,Crops and Lands,Agricultural Land,31.29,34.29,[2] 25km precision
"3,116",2024-02-06,occupied Palestinian territories,Gaza Strip,Deir el-Balah,unknown,Armed Forces of Israel,Air or Drone Strike,Crops and Lands,Agricultural Land,31.45,34.38,[2] 25km precision
"3,252",2024-02-07,occupied Palestinian territories,Gaza Strip,Rafah,Mediterranean Sea close to Rafah,Armed Forces of Israel,Unidentified,"Population, Private Assets","Fishers, Fishing Boats",31.33,34.22,[2] 25km precision
"3,114",2024-02-07,occupied Palestinian territories,Gaza Strip,Deir el-Balah,unknown,Armed Forces of Israel,Air or Drone Strike,Crops and Lands,Agricultural Land,31.46,34.4,[2] 25km precision
"3,258",2024-02-07,occupied Palestinian territories ,Gaza Strip,Rafah,Rafah,Armed Forces of Israel,Unidentified,"Population, Private Assets","Fishers, Fishing Boats",31.33,34.22,[2] 25km precision
"3,253",2024-02-08,occupied Palestinian territories,Gaza Strip,Rafah,Mediterranean Sea close to Rafah,Armed Forces of Israel,Firearms,"Population, Private Assets","Fishers, Fishing Boats",31.33,34.23,[2] 25km precision
"3,113",2024-02-08,occupied Palestinian territories,Gaza Strip,Rafah,unknown,Armed Forces of Israel,Air or Drone Strike,Crops and Lands,Agricultural Land,31.29,34.28,[2] 25km precision
"3,254",2024-02-10,occupied Palestinian territories,Gaza Strip,Deir el-Balah,Mediterranean Sea close to Deir al-Balah,Armed Forces of Israel,Firearms,Population,Fishers,31.42,34.33,[2] 25km precision
"3,257",2024-02-10,occupied Palestinian territories,Gaza Strip,Gaza City,Gaza City,Armed Forces of Israel,Demolition,Food Supply Chains,Food Warehouse,31.51,34.45,[2] 25km precision
"3,255",2024-02-10,occupied Palestinian territories,Gaza Strip,unknown,Mediterranean Sea on coast of northern Gaza,Armed Forces of Israel,Unidentified,Population,Fishers,31.56,34.47,[2] 25km precision
"3,261",2024-02-13,occupied Palestinian territories ,Gaza Strip,Deir el-Balah,Az-Zawayda,Armed Forces of Israel,Air or Drone Strike,Crops and Lands,Agricultural Land,31.43,34.37,[2] 25km precision
"3,260",2024-02-17,occupied Palestinian territories ,Gaza Strip,Rafah,Rafah,Armed Forces of Israel,Air or Drone Strike,Crops and Lands,Agricultural Land,31.32,34.24,[2] 25km precision
"3,308",2024-02-18,occupied Palestinian territories ,Gaza Strip,North Gaza,Gaza City,Armed Forces of Israel,Firearms,"Food Supply Chains, Population",People Waiting for or Receiving Aid,31.55,34.5,[2] 25km precision
"3,259",2024-02-19,occupied Palestinian territories ,Gaza Strip,Deir el-Balah,Deir al Balah,Armed Forces of Israel,Air or Drone Strike,Crops and Lands,Agricultural Land,31.41,34.35,[2] 25km precision
"3,307",2024-02-19,occupied Palestinian territories ,Gaza Strip,Gaza City,Kuwait Roundabout,Armed Forces of Israel,Firearms,"Food Supply Chains, Population",People Waiting for or Receiving Aid,31.48,34.44,"[3] District, Municipality, Commune"
"3,256",2024-02-19,occupied Palestinian territories,Gaza Strip,Deir el-Balah,Deir al Balah,Armed Forces of Israel,"Artillery, Shelling or Missile Fire",Crops and Lands,Agricultural Land,31.41,34.36,[2] 25km precision
"3,306",2024-02-22,occupied Palestinian territories ,Gaza Strip,Deir el-Balah,Al Rashid Road,Armed Forces of Israel,"Artillery, Shelling or Missile Fire","Food Supply Chains, Population",People Waiting for or Receiving Aid,31.44,34.36,[2] 25km precision
"3,305",2024-02-22,occupied Palestinian territories ,Gaza Strip,North Gaza,Al Nabulsi Roundabout,Armed Forces of Israel,Firearms,"Food Supply Chains, Population",People Waiting for or Receiving Aid,31.55,34.5,[2] 25km precision
"3,295",2024-02-23,occupied Palestinian territories ,Gaza Strip,Gaza City,Coast of Gaza City,Armed Forces of Israel,"Artillery, Shelling or Missile Fire",Population,Fishers,31.53,34.42,[2] 25km precision
"3,294",2024-02-24,occupied Palestinian territories ,Gaza Strip,Rafah,Brazil Camp,Armed Forces of Israel,"Artillery, Shelling or Missile Fire",Crops and Lands,Agricultural Land,31.27,34.25,[2] 25km precision
"3,293",2024-02-24,occupied Palestinian territories ,Gaza Strip,unknown,Coast of Gaza Strip,Armed Forces of Israel,"Artillery, Shelling or Missile Fire",Population,Fishers,31.5,34.29,[2] 25km precision
"3,328",2024-02-28,occupied Palestinian territories ,Gaza Strip,Deir el-Balah,Al Rashid Road,Armed Forces of Israel,"Artillery, Shelling or Missile Fire","Food Supply Chains, Population",People Waiting for or Receiving Aid,31.44,34.37,"[3] District, Municipality, Commune"
"3,329",2024-02-28,occupied Palestinian territories ,Gaza Strip,Gaza City,Gaza City,Armed Forces of Israel,Firearms,"Food Supply Chains, Population",People Waiting for or Receiving Aid,31.52,34.45,"[3] District, Municipality, Commune"
"3,327",2024-03-02,occupied Palestinian territories ,Gaza Strip,Gaza City,Al Nabulsi Roundabout,Armed Forces of Israel,Firearms,"Food Supply Chains, Population",People Waiting for or Receiving Aid,31.52,34.45,"[3] District, Municipality, Commune"
"3,326",2024-03-02,occupied Palestinian territories ,Gaza Strip,Gaza City,Al Rashid Road,Armed Forces of Israel,Firearms,"Food Supply Chains, Population",People Waiting for or Receiving Aid,31.52,34.45,"[3] District, Municipality, Commune"
"3,304",2024-03-03,occupied Palestinian territories ,Gaza Strip,Gaza City,Kuwait Roundabout,Armed Forces of Israel,Air or Drone Strike,"Food Supply Chains, Population",People Waiting for or Receiving Aid,31.48,34.44,[2] 25km precision
"3,325",2024-03-03,occupied Palestinian territories ,Gaza Strip,Gaza City,Kuwait Roundabout,Armed Forces of Israel,Firearms,"Food Supply Chains, Population",People Waiting for or Receiving Aid,31.48,34.44,"[3] District, Municipality, Commune"
"3,323",2024-03-06,occupied Palestinian territories ,Gaza Strip,Gaza City,Al Nabulsi Roundabout,Armed Forces of Israel,Firearms,"Food Supply Chains, Population",People Waiting for or Receiving Aid,31.52,34.45,"[3] District, Municipality, Commune"
"3,324",2024-03-06,occupied Palestinian territories ,Gaza Strip,Gaza City,Kuwait Roundabout,Armed Forces of Israel,Firearms,"Food Supply Chains, Population",People Waiting for or Receiving Aid,31.48,34.44,"[3] District, Municipality, Commune"
"3,322",2024-03-07,occupied Palestinian territories ,Gaza Strip,Gaza City,Al Nabulsi Roundabout,Armed Forces of Israel,Firearms,"Food Supply Chains, Population",People Waiting for or Receiving Aid,31.52,34.45,"[3] District, Municipality, Commune"
"3,303",2024-03-07,occupied Palestinian territories ,Gaza Strip,Gaza City,Kuwait Roundabout,Armed Forces of Israel,"Artillery, Shelling or Missile Fire","Food Supply Chains, Population",People Waiting for or Receiving Aid,31.48,34.44,"[3] District, Municipality, Commune"
"3,321",2024-03-08,occupied Palestinian territories ,Gaza Strip,Gaza City,Kuwait Roundabout,Armed Forces of Israel,Firearms,"Food Supply Chains, Population",People Waiting for or Receiving Aid,31.48,34.44,"[3] District, Municipality, Commune"
"3,292",2024-03-09,occupied Palestinian territories ,Gaza Strip,Rafah,Coast of Rafah,Armed Forces of Israel,Firearms,Private Assets,Fishing Boats,31.35,34.22,[2] 25km precision
"3,302",2024-03-09,occupied Palestinian territories ,Gaza Strip,North Gaza,Al Sudaniyyah,Armed Forces of Israel,Firearms,"Food Supply Chains, Population",People Waiting for or Receiving Aid,31.53,34.48,"[3] District, Municipality, Commune"
"3,291",2024-03-09,occupied Palestinian territories ,Gaza Strip,North Gaza,Coast of North Gaza,Armed Forces of Israel,Firearms,Private Assets,Fishing Boats,31.58,34.47,[2] 25km precision
"3,320",2024-03-10,occupied Palestinian territories ,Gaza Strip,Gaza City,Kuwait Roundabout,Armed Forces of Israel,Firearms,"Food Supply Chains, Population",People Waiting for or Receiving Aid,31.48,34.44,"[3] District, Municipality, Commune"
"3,290",2024-03-10,occupied Palestinian territories ,Gaza Strip,Rafah,As Salam,Armed Forces of Israel,Air or Drone Strike,Crops and Lands,Agricultural Land,31.27,34.26,[2] 25km precision
"3,301",2024-03-10,occupied Palestinian territories ,Gaza Strip,North Gaza,Beit Lahia,Armed Forces of Israel,Firearms,"Food Supply Chains, Population",People Waiting for or Receiving Aid,31.55,34.5,"[3] District, Municipality, Commune"
"3,319",2024-03-11,occupied Palestinian territories ,Gaza Strip,Gaza City,Gaza City,Armed Forces of Israel,Firearms,"Food Supply Chains, Population",People Waiting for or Receiving Aid,31.52,34.45,"[3] District, Municipality, Commune"
"3,318",2024-03-12,occupied Palestinian territories ,Gaza Strip,Gaza City,Kuwait Roundabout,Armed Forces of Israel,Firearms,"Food Supply Chains, Population",People Waiting for or Receiving Aid,31.48,34.44,"[3] District, Municipality, Commune"
"3,289",2024-03-12,occupied Palestinian territories ,Gaza Strip,Deir el-Balah,Coast of An Nusayrat,Armed Forces of Israel,Firearms,"Population, Private Assets","Fishing Boats, Fishers",31.46,34.36,[2] 25km precision
"3,317",2024-03-13,occupied Palestinian territories ,Gaza Strip,Gaza City,Kuwait Roundabout,Armed Forces of Israel,Firearms,"Food Supply Chains, Population",People Waiting for or Receiving Aid,31.48,34.44,"[3] District, Municipality, Commune"
"3,316",2024-03-14,occupied Palestinian territories ,Gaza Strip,Gaza City,Kuwait Roundabout,Unidentified,Firearms,"Food Supply Chains, Population",People Waiting for or Receiving Aid,31.48,34.44,"[3] District, Municipality, Commune"
"3,288",2024-03-14,occupied Palestinian territories ,Gaza Strip,Deir el-Balah,Deir al Balah,Armed Forces of Israel,Air or Drone Strike,Crops and Lands,Agricultural Land,31.42,34.35,[2] 25km precision
"3,315",2024-03-15,occupied Palestinian territories ,Gaza Strip,Gaza City,Kuwait Roundabout,Armed Forces of Israel,Firearms,"Food Supply Chains, Population",People Waiting for or Receiving Aid,31.48,34.44,"[3] District, Municipality, Commune"
"3,287",2024-03-18,occupied Palestinian territories ,Gaza Strip,Gaza City,Coast of Gaza City,Armed Forces of Israel,Firearms,Private Assets,Fishing Boats,31.53,34.42,[2] 25km precision
"3,286",2024-03-21,occupied Palestinian territories ,Gaza Strip,Deir el-Balah,Deir al Balah,Armed Forces of Israel,Air or Drone Strike,Crops and Lands,Agricultural Land,31.42,34.35,[2] 25km precision
"3,314",2024-03-23,occupied Palestinian territories ,Gaza Strip,Gaza City,Kuwait Roundabout,Armed Forces of Israel,Air or Drone Strike,"Food Supply Chains, Population",People Waiting for or Receiving Aid,31.48,34.44,[1] Exact location
"3,313",2024-03-25,occupied Palestinian territories ,Gaza Strip,Gaza City,Kuwait Roundabout,Armed Forces of Israel,"Artillery, Shelling or Missile Fire","Food Supply Chains, Population",People Waiting for or Receiving Aid,31.48,34.44,[1] Exact location
"3,285",2024-03-26,occupied Palestinian territories ,Gaza Strip,Rafah,Shokat as Sufi,Armed Forces of Israel,Air or Drone Strike,Private Assets,Poultry Farm,31.26,34.28,[2] 25km precision
"3,284",2024-03-27,occupied Palestinian territories ,Gaza Strip,Rafah,Mukhayyam Rafah,Armed Forces of Israel,Air or Drone Strike,Private Assets,Greenhouse,31.28,34.25,[2] 25km precision
"3,283",2024-03-30,occupied Palestinian territories ,Gaza Strip,North Gaza,Jabalia,Armed Forces of Israel,Air or Drone Strike,Population,Farmer/s,31.53,34.48,[2] 25km precision
"3,312",2024-03-30,occupied Palestinian territories ,Gaza Strip,unknown,unknown,Armed Forces of Israel,Firearms,"Food Supply Chains, Population",People Waiting for or Receiving Aid,31.44,34.36,"[4] Province, State, Governorate"
"3,263",2024-04-01,occupied Palestinian territories ,Gaza Strip,Deir el-Balah,unknown,Armed Forces of Israel,Air or Drone Strike,"Food Supply Chains, Population",Food Aid Workers,31.41,34.32,[1] Exact location
"3,264",2024-04-01,occupied Palestinian territories ,Gaza Strip,Deir el-Balah,unknown,Armed Forces of Israel,Air or Drone Strike,"Food Supply Chains, Population",Food Aid Workers,31.42,34.33,[1] Exact location
"3,265",2024-04-01,occupied Palestinian territories ,Gaza Strip,Deir el-Balah,unknown,Armed Forces of Israel,Air or Drone Strike,"Food Supply Chains, Population",Food Aid Workers,31.4,34.31,[1] Exact location
"3,282",2024-04-09,occupied Palestinian territories ,Gaza Strip,Rafah,Tal as Sultan,Armed Forces of Israel,Air or Drone Strike,Crops and Lands,Agricultural Land,31.31,34.24,[2] 25km precision
"3,281",2024-04-11,occupied Palestinian territories ,Gaza Strip,Gaza City,Gaza - Ad Darraj,Armed Forces of Israel,Air or Drone Strike,Food Supply Chains,Market,31.52,34.46,[2] 25km precision
"3,280",2024-04-11,occupied Palestinian territories ,Gaza Strip,Gaza City,Gaza Port,Armed Forces of Israel,"Artillery, Shelling or Missile Fire",Infrastructure and Basic Services,Fishing Port ,31.52,34.43,[2] 25km precision
"3,279",2024-04-13,occupied Palestinian territories ,Gaza Strip,Deir el-Balah,Az Zawayda,Armed Forces of Israel,Air or Drone Strike,Crops and Lands,Agricultural Land,31.43,34.37,[2] 25km precision
"3,278",2024-04-14,occupied Palestinian territories ,Gaza Strip,Deir el-Balah,Az Zawayda,Armed Forces of Israel,Air or Drone Strike,Crops and Lands,Agricultural Land,31.43,34.37,[2] 25km precision
"3,277",2024-04-15,occupied Palestinian territories ,Gaza Strip,Khan Younis,Khan Yunis - Maen,Armed Forces of Israel,Air or Drone Strike,Crops and Lands,Agricultural Land,31.34,34.32,[2] 25km precision
"3,276",2024-04-17,occupied Palestinian territories,Gaza Strip,Rafah,unknown,Armed Forces of Israel,Air or Drone Strike,Crops and Lands,Agricultural Land,31.29,34.28,[2] 25km precision
"3,275",2024-04-20,occupied Palestinian territories ,Gaza Strip,Deir el-Balah,An Nusayrat,Armed Forces of Israel,Air or Drone Strike,Crops and Lands,Agricultural Land,31.45,34.39,[2] 25km precision
"3,274",2024-04-20,occupied Palestinian territories ,Gaza Strip,Deir el-Balah,Deir al Balah,Armed Forces of Israel,Air or Drone Strike,Crops and Lands,Agricultural Land,31.42,34.35,[2] 25km precision
"3,273",2024-04-21,occupied Palestinian territories ,Gaza Strip,Rafah,Khirbet al Adas,Armed Forces of Israel,Air or Drone Strike,Crops and Lands,Agricultural Land,31.29,34.27,[2] 25km precision
"3,272",2024-04-24,occupied Palestinian territories ,Gaza Strip,Deir el-Balah,Az Zawayda,Armed Forces of Israel,Air or Drone Strike,Crops and Lands,Agricultural Land,31.43,34.37,[2] 25km precision
"3,271",2024-04-25,occupied Palestinian territories ,Gaza Strip,Gaza City,Gaza Port,Armed Forces of Israel,"Artillery, Shelling or Missile Fire",Infrastructure and Basic Services,Fishing Port ,31.52,34.43,[2] 25km precision
"3,270",2024-04-25,occupied Palestinian territories ,Gaza Strip,Rafah,Mukhayyam Rafah,Armed Forces of Israel,Air or Drone Strike,Crops and Lands,Agricultural Land,31.28,34.25,[2] 25km precision
"3,269",2024-04-25,occupied Palestinian territories ,Gaza Strip,Rafah,Khirbet al Adas,Armed Forces of Israel,Air or Drone Strike,Crops and Lands,Agricultural Land,31.29,34.27,[2] 25km precision
"3,268",2024-04-26,occupied Palestinian territories ,Gaza Strip,Rafah,Coast of Rafah,Armed Forces of Israel,Firearms,Population,Fishers,31.35,34.22,[2] 25km precision
"3,300",2024-05-02,occupied Palestinian territories ,Gaza Strip,Deir el-Balah,Coast of Deir al Balah,Armed Forces of Israel,Firearms,Private Assets,Fishing Boats,31.43,34.33,[2] 25km precision
"3,299",2024-05-04,occupied Palestinian territories ,Gaza Strip,Rafah,Shokat as Sufi,Armed Forces of Israel,Air or Drone Strike,Crops and Lands,Agricultural Land,31.26,34.28,[2] 25km precision
"3,298",2024-05-05,occupied Palestinian territories ,Gaza Strip,Deir el-Balah,An Nusayrat,Armed Forces of Israel,Air or Drone Strike,Crops and Lands,Agricultural Land,31.45,34.39,[2] 25km precision
"3,297",2024-05-09,occupied Palestinian territories ,Gaza Strip,Khan Younis,Khan Yunis Port,Armed Forces of Israel,Firearms,Population,Fishers,31.37,34.27,[2] 25km precision
"3,296",2024-05-10,occupied Palestinian territories ,Gaza Strip,Deir el-Balah,An Nusayrat,Armed Forces of Israel,Air or Drone Strike,Population,Agricultural Land,31.45,34.39,[2] 25km precision
"3,353",2024-05-26,occupied Palestinian territories ,Gaza Strip,Rafah,unknown,Armed Forces of Israel,"Artillery, Shelling or Missile Fire",Food Supply Chains,Market,31.26,34.28,[2] 25km precision
"3,346",2024-05-31,occupied Palestinian territories ,Gaza Strip,Khan Younis,unknown,Armed Forces of Israel,Air or Drone Strike,Crops and Lands,Agricultural Land,31.37,34.34,[2] 25km precision
"3,345",2024-06-05,occupied Palestinian territories ,Gaza Strip,Khan Younis,unknown,Armed Forces of Israel,Air or Drone Strike,Crops and Lands,Agricultural Land,31.37,34.34,[2] 25km precision
"3,352",2024-06-09,occupied Palestinian territories ,Gaza Strip,Gaza City,unknown,Armed Forces of Israel,Air or Drone Strike,Food Supply Chains,Market,31.5,34.47,[2] 25km precision
"3,343",2024-06-16,occupied Palestinian territories ,Gaza Strip,Khan Younis,unknown,Armed Forces of Israel,Air or Drone Strike,Crops and Lands,Agricultural Land,31.34,34.32,[2] 25km precision
"3,344",2024-06-16,occupied Palestinian territories ,Gaza Strip,Rafah,unknown,Armed Forces of Israel,Air or Drone Strike,Crops and Lands,Agricultural Land,31.27,34.26,[2] 25km precision
"3,342",2024-06-17,occupied Palestinian territories ,Gaza Strip,Deir el-Balah,unknown,Armed Forces of Israel,Air or Drone Strike,Crops and Lands,Agricultural Land,31.42,34.35,[2] 25km precision
"3,351",2024-07-09,occupied Palestinian territories ,Gaza Strip,Deir el-Balah,unknown,Armed Forces of Israel,Air or Drone Strike,Food Supply Chains,Market,31.45,34.39,[2] 25km precision
"3,341",2024-07-16,occupied Palestinian territories ,Gaza Strip,Deir el-Balah,unknown,Armed Forces of Israel,"Artillery, Shelling or Missile Fire",Crops and Lands,Agricultural Land,31.44,34.4,[2] 25km precision
"3,340",2024-07-18,occupied Palestinian territories ,Gaza Strip,Deir el-Balah,unknown,Armed Forces of Israel,"Artillery, Shelling or Missile Fire",Crops and Lands,Agricultural Land,31.45,34.39,[2] 25km precision
"3,332",2024-07-19,occupied Palestinian territories,Gaza Strip,Deir el-Balah,unknown,Armed Forces of Israel,Air or Drone Strike,Food Supply Chains,Bakery,31.41,34.38,[2] 25km precision
"3,339",2024-07-19,occupied Palestinian territories ,Gaza Strip,Deir el-Balah,unknown,Armed Forces of Israel,"Artillery, Shelling or Missile Fire",Crops and Lands,Agricultural Land,31.43,34.37,[2] 25km precision
"3,350",2024-07-24,occupied Palestinian territories ,Gaza Strip,Khan Younis,unknown,Armed Forces of Israel,Air or Drone Strike,Food Supply Chains,Market,31.34,34.3,[2] 25km precision
"3,349",2024-07-26,occupied Palestinian territories ,Gaza Strip,Gaza City,unknown,Armed Forces of Israel,Air or Drone Strike,Food Supply Chains,Market,31.52,34.46,[2] 25km precision
"3,338",2024-07-27,occupied Palestinian territories ,Gaza Strip,Deir el-Balah,unknown,Armed Forces of Israel,"Artillery, Shelling or Missile Fire",Crops and Lands,Agricultural Land,31.42,34.39,[2] 25km precision
"3,337",2024-08-13,occupied Palestinian territories ,Gaza Strip,Khan Younis,unknown,Armed Forces of Israel,Air or Drone Strike,Crops and Lands,Agricultural Land,31.33,34.3,[2] 25km precision
"3,348",2024-08-20,occupied Palestinian territories ,Gaza Strip,Deir el-Balah,unknown,Armed Forces of Israel,Air or Drone Strike,Food Supply Chains,Market,31.42,34.35,[2] 25km precision
"3,347",2024-08-21,occupied Palestinian territories ,Gaza Strip,Deir el-Balah,unknown,Armed Forces of Israel,Air or Drone Strike,Food Supply Chains,Market,31.45,34.39,[2] 25km precision
"3,336",2024-08-26,occupied Palestinian territories ,Gaza Strip,Khan Younis,unknown,Armed Forces of Israel,Air or Drone Strike,Crops and Lands,Agricultural Land,31.37,34.34,[2] 25km precision
"3,335",2024-09-03,occupied Palestinian territories ,Gaza Strip,Khan Younis,unknown,Armed Forces of Israel,Air or Drone Strike,Crops and Lands,Agricultural Land,31.32,34.34,[2] 25km precision
"3,334",2024-09-05,occupied Palestinian territories ,Gaza Strip,North Gaza,unknown,Armed Forces of Israel,Air or Drone Strike,Crops and Lands,Agricultural Land,31.56,34.48,[2] 25km precision
"3,333",2024-09-11,occupied Palestinian territories,Gaza Strip,Gaza City,unknown,Armed Forces of Israel,Air or Drone Strike,Food Supply Chains,Bakery,31.53,34.46,[2] 25km precision
"3,331",2024-09-13,occupied Palestinian territories,Gaza Strip,Gaza City,unknown,Armed Forces of Israel,Air or Drone Strike,Food Supply Chains,Bakery,31.5,34.47,[2] 25km precision
"3,330",2024-09-16,occupied Palestinian territories ,Gaza Strip,Khan Younis,Al Mawasi,Armed Forces of Israel,Air or Drone Strike,Food Supply Chains,Bakery,31.35,34.25,[2] 25km precision
