id,country,iso3,latitude,longitude,centroid,role,displacement_type,qualifier,figure,displacement_date,displacement_start_date,displacement_end_date,year,event_id,event_name,event_start_date,event_end_date,sources,source_url,locations_name,locations_coordinates,locations_accuracy,locations_type,displacement_occurred,created_at,description,link,combined_type
184368.0,Palestine,PSE,31.43317,34.37793,"[31.43317, 34.37793]",Recommended figure,Conflict,total,22743,2025-05-27,2025-05-23,2025-05-27,2025,30896.0,Palestine:  International armed conflict (IAC) (Hostilities Gaza/Israel) - Gaza Strip - 01/01/2025,2025-01-01,2025-12-31,Site Management Cluster - Palestine,https://www.cccmcluster.org/sites/default/files/2025-05/Population%20Movement%20Monitoring%20Flash-Update%2015.pdf,"Gaza Strip, Gaza Strip, Palestinian Territories","31.43317, 34.37793",Point,Origin,Displacement without preventive evacuations reported,2025-05-31 10:13:43.357892+00:00,"Palestine: 22,743 displacements, 23 May - 27 May. A total of 22743 people were displaced due to international armed conflict (iac) between 23 and 27 May in the Gaza Strip, according to the Site Management Cluster - Palestine",https://www.cccmcluster.org/sites/default/files/2025-05/Population%20Movement%20Monitoring%20Flash-Update%2015.pdf,Conflict
184141.0,Palestine,PSE,31.43317,34.37793,"[31.43317, 34.37793]",Recommended figure,Conflict,total,10871,2025-05-22,2025-05-22,2025-05-22,2025,30896.0,Palestine:  International armed conflict (IAC) (Hostilities Gaza/Israel) - Gaza Strip - 01/01/2025,2025-01-01,2025-12-31,Site Management Cluster - Palestine,https://www.cccmcluster.org/sites/default/files/2025-05/Population%20Movement%20Monitoring%20%20Ad-Hoc%20Update%207-%2005222025.pdf,"Gaza Strip, Gaza Strip, Palestinian Territories","31.43317, 34.37793",Point,Origin,Displacement without preventive evacuations reported,2025-05-26 09:42:57.292879+00:00,"Palestine: 10,871 displacements, 22 May - 22 May. International armed conflict (iac) resulted in a total of 10871 people being displaced in Gaza Strip on 22 May, according to the Site Management Cluster - Palestine",https://www.cccmcluster.org/sites/default/files/2025-05/Population%20Movement%20Monitoring%20%20Ad-Hoc%20Update%207-%2005222025.pdf,Conflict
184140.0,Palestine,PSE,31.43317,34.37793,"[31.43317, 34.37793]",Recommended figure,Conflict,total,22548,2025-05-21,2025-05-21,2025-05-21,2025,30896.0,Palestine:  International armed conflict (IAC) (Hostilities Gaza/Israel) - Gaza Strip - 01/01/2025,2025-01-01,2025-12-31,Site Management Cluster - Palestine,https://www.cccmcluster.org/sites/default/files/2025-05/Population%20Movement%20Monitoring%20%20Ad-Hoc%20Update%20-%2005212025.pdf,"Gaza Strip, Gaza Strip, Palestinian Territories","31.43317, 34.37793",Point,Origin,Displacement without preventive evacuations reported,2025-05-26 09:38:09.819255+00:00,"Palestine: 22,548 displacements, 21 May - 21 May. International armed conflict (iac) resulted in a total of 22548 people being displaced in Gaza on 21 May, according to the Site Management Cluster - Palestine",https://www.cccmcluster.org/sites/default/files/2025-05/Population%20Movement%20Monitoring%20%20Ad-Hoc%20Update%20-%2005212025.pdf,Conflict
184139.0,Palestine,PSE,31.43317,34.37793,"[31.43317, 34.37793]",Recommended figure,Conflict,total,41734,2025-05-20,2025-05-20,2025-05-20,2025,30896.0,Palestine:  International armed conflict (IAC) (Hostilities Gaza/Israel) - Gaza Strip - 01/01/2025,2025-01-01,2025-12-31,Site Management Cluster - Palestine,https://www.cccmcluster.org/sites/default/files/2025-05/Population%20Movement%20Monitoring%20%20Ad-Hoc%20Update%20-%2005192025.pdf,"Gaza Strip, Gaza Strip, Palestinian Territories","31.43317, 34.37793",Point,Origin,Displacement without preventive evacuations reported,2025-05-26 09:33:56.878240+00:00,"Palestine: 41,734 displacements, 20 May - 20 May. International armed conflict (iac) resulted in a total of 41734 people being displaced in Gaza Strip on 20 May, according to the Site Management Cluster- Palestine",https://www.cccmcluster.org/sites/default/files/2025-05/Population%20Movement%20Monitoring%20%20Ad-Hoc%20Update%20-%2005192025.pdf,Conflict
184138.0,Palestine,PSE,31.43317,34.37793,"[31.43317, 34.37793]",Recommended figure,Conflict,total,33681,2025-05-19,2025-05-19,2025-05-19,2025,30896.0,Palestine:  International armed conflict (IAC) (Hostilities Gaza/Israel) - Gaza Strip - 01/01/2025,2025-01-01,2025-12-31,Site Management Cluster - Palestine,https://www.cccmcluster.org/sites/default/files/2025-05/Population%20Movement%20Monitoring%20%20Ad-Hoc%20Update%20-%2005192025%20%281%29%20%281%29.pdf,"Gaza Strip, Gaza Strip, Palestinian Territories","31.43317, 34.37793",Point,Origin,Displacement without preventive evacuations reported,2025-05-26 09:30:09.258742+00:00,"Palestine: 33,681 displacements, 19 May - 19 May. International armed conflict (iac) resulted in a total of 33681 people being displaced in the Gaza Strip, on 19 May, according to the Site Management Cluster - Palestine.",https://www.cccmcluster.org/sites/default/files/2025-05/Population%20Movement%20Monitoring%20%20Ad-Hoc%20Update%20-%2005192025%20%281%29%20%281%29.pdf,Conflict
184137.0,Palestine,PSE,31.43317,34.37793,"[31.43317, 34.37793]",Recommended figure,Conflict,total,29178,2025-05-18,2025-05-18,2025-05-18,2025,30896.0,Palestine:  International armed conflict (IAC) (Hostilities Gaza/Israel) - Gaza Strip - 01/01/2025,2025-01-01,2025-12-31,Site Management Cluster - Palestine,https://www.cccmcluster.org/sites/default/files/2025-05/Population%20Movement%20Monitoring%20%20Ad-Hoc%20Update%20-%2005182025.pdf,"Gaza Strip,  Gaza Strip, Palestinian Territories","31.43317, 34.37793",Point,Origin,Displacement without preventive evacuations reported,2025-05-26 09:26:05.608139+00:00,"Palestine: 29,178 displacements, 18 May - 18 May. According to clusters and consortias, a total of 29178 people were displaced in the Gaza Strip, Gaza Strip due to international armed conflict (iac) on 18 May",https://www.cccmcluster.org/sites/default/files/2025-05/Population%20Movement%20Monitoring%20%20Ad-Hoc%20Update%20-%2005182025.pdf,Conflict
183893.0,Palestine,PSE,31.43317,34.37793,"[31.43317, 34.37793]",Recommended figure,Conflict,total,15215,2025-05-17,2025-05-15,2025-05-17,2025,30896.0,Palestine:  International armed conflict (IAC) (Hostilities Gaza/Israel) - Gaza Strip - 01/01/2025,2025-01-01,2025-12-31,Site Management Cluster - Palestine,https://reliefweb.int/report/occupied-palestinian-territory/gaza-population-movement-monitoring-flash-update-15-17-may-2025-ad-hoc-report,"Gaza Strip, Gaza Strip, Palestinian Territories","31.43317, 34.37793",State/Region/Province (ADM1),Origin,Displacement without preventive evacuations reported,2025-05-19 13:26:46.027191+00:00,"Palestine: 15,215 displacements, 15 May - 17 May. International armed conflict (iac) resulted in a total of 15,215 people being displaced in the Gaza Strip, between May 16 and May 17, according to the Site Management Cluster - Palestine",https://reliefweb.int/report/occupied-palestinian-territory/gaza-population-movement-monitoring-flash-update-15-17-may-2025-ad-hoc-report,Conflict
184132.0,Palestine,PSE,31.43317,34.37793,"[31.43317, 34.37793]",Recommended figure,Conflict,total,20700,2025-05-16,2025-05-14,2025-05-16,2025,30896.0,Palestine:  International armed conflict (IAC) (Hostilities Gaza/Israel) - Gaza Strip - 01/01/2025,2025-01-01,2025-12-31,Site Management Cluster - Palestine,https://www.cccmcluster.org/sites/default/files/2025-05/Population%20Movement%20Monitoring%20-%20Ad-hoc%20Update%201.pdf,"Gaza Strip, Gaza Strip, Palestinian Territories","31.43317, 34.37793",Point,Origin,Displacement without preventive evacuations reported,2025-05-26 08:36:00.288604+00:00,"Palestine: 20,700 displacements, 14 May - 16 May. International armed conflict (iac) resulted in a total of 20700 people being displaced in the Gaza Strip between 14 - 16 May, according to the Site Management Cluster- Palestine",https://www.cccmcluster.org/sites/default/files/2025-05/Population%20Movement%20Monitoring%20-%20Ad-hoc%20Update%201.pdf,Conflict
183849.0,Palestine,PSE,31.43317,34.37793,"[31.43317, 34.37793]",Recommended figure,Conflict,total,7083,2025-05-13,2025-05-07,2025-05-13,2025,30896.0,Palestine:  International armed conflict (IAC) (Hostilities Gaza/Israel) - Gaza Strip - 01/01/2025,2025-01-01,2025-12-31,Site Management Cluster - Palestine,https://reliefweb.int/report/occupied-palestinian-territory/gaza-population-movement-monitoring-flash-update-06-13-may-2025-update-14,"Gaza Strip, Deir al-Balah Governorate, Gaza Strip, Palestinian Territories","31.43317, 34.37793",Point,Origin,Displacement without preventive evacuations reported,2025-05-16 10:26:07.504617+00:00,"Palestine: 7,083 displacements, 07 May - 13 May. According to the Site Management Cluster - Palestine, a total of 7083 people were displaced in Gaza Strip, Palestinian Territories due to international armed conflict (iac) between 7 May and 13 May.",https://reliefweb.int/report/occupied-palestinian-territory/gaza-population-movement-monitoring-flash-update-06-13-may-2025-update-14,Conflict
183406.0,Palestine,PSE,31.43317,34.37793,"[31.43317, 34.37793]",Recommended figure,Conflict,total,5418,2025-05-06,2025-04-30,2025-05-06,2025,30896.0,Palestine:  International armed conflict (IAC) (Hostilities Gaza/Israel) - Gaza Strip - 01/01/2025,2025-01-01,2025-12-31,Site Management Cluster - Palestine,https://reliefweb.int/report/occupied-palestinian-territory/gaza-population-movement-monitoring-flash-update-29-april-06-may-2025-update-13,"Gaza Strip, Palestinian Territories","31.43317, 34.37793",Point,Origin,Displacement without preventive evacuations reported,2025-05-07 13:23:48.982620+00:00,"Palestine: 5,418 displacements, 30 April - 06 May. According to the Site Management Cluster - Palestine, a total of 5418 people were displaced in Gaza Strip, Palestinian Territories due to international armed conflict (iac) between 30 April and 6 May.",https://reliefweb.int/report/occupied-palestinian-territory/gaza-population-movement-monitoring-flash-update-29-april-06-may-2025-update-13,Conflict
183405.0,Palestine,PSE,31.43317,34.37793,"[31.43317, 34.37793]",Recommended figure,Conflict,total,2611,2025-04-29,2025-04-23,2025-04-29,2025,30896.0,Palestine:  International armed conflict (IAC) (Hostilities Gaza/Israel) - Gaza Strip - 01/01/2025,2025-01-01,2025-12-31,Site Management Cluster - Palestine,https://reliefweb.int/report/occupied-palestinian-territory/population-movement-monitoring-flash-update-april-22-29-2025-update-12,"Gaza Strip, Palestinian Territories","31.43317, 34.37793",State/Region/Province (ADM1),Origin,Displacement without preventive evacuations reported,2025-05-07 13:18:02.500760+00:00,"Palestine: 2,611 displacements, 23 April - 29 April. International armed conflict (iac) resulted in a total of 2611 people being displaced in Gaza Strip, Palestinian Territories on between 23 April and 19 April, according to the Site Management Cluster -Palestine.",https://reliefweb.int/report/occupied-palestinian-territory/population-movement-monitoring-flash-update-april-22-29-2025-update-12,Conflict
183234.0,Palestine,PSE,31.46242,34.27496,"[31.46242, 34.27496]",Recommended figure,Conflict,total,1590,2025-04-22,2025-04-16,2025-04-22,2025,30896.0,Palestine:  International armed conflict (IAC) (Hostilities Gaza/Israel) - Gaza Strip - 01/01/2025,2025-01-01,2025-12-31,Site Management Cluster - Palestine,https://reliefweb.int/report/occupied-palestinian-territory/population-movement-monitoring-flash-update-april-15-22-2025-update-11,"Gaza Strip, Palestinian Territories","31.46242, 34.27496",District/Zone/Department (ADM2),Origin,Displacement without preventive evacuations reported,2025-04-30 14:28:18.139160+00:00,"Palestine: 1,590 displacements, 16 April - 22 April. According to the Site Management Cluster - Palestine, a total of 1590 people were displaced in the Gaza Strip, due to international armed conflict (iac) between 16 April and 22 April.",https://reliefweb.int/report/occupied-palestinian-territory/population-movement-monitoring-flash-update-april-15-22-2025-update-11,Conflict
182588.0,Palestine,PSE,31.43317,34.37793,"[31.43317, 34.37793]",Recommended figure,Conflict,total,17521,2025-04-15,2025-04-10,2025-04-15,2025,30896.0,Palestine:  International armed conflict (IAC) (Hostilities Gaza/Israel) - Gaza Strip - 01/01/2025,2025-01-01,2025-12-31,Site Management Cluster - Palestine,https://reliefweb.int/report/occupied-palestinian-territory/population-movement-monitoring-flash-update-april-09-15-2025-update-10,"Gaza Strip,, Gaza Strip, Palestinian Territories","31.43317, 34.37793",Point,Origin,Displacement without preventive evacuations reported,2025-04-17 09:05:31.256666+00:00,"Palestine: 17,521 displacements, 10 April - 15 April. According to the Site Management Cluster - Palestine, a total of 17,521 people were displaced in the Gaza Strip, due to international armed conflict (iac) between 10 April and 15 April",https://reliefweb.int/report/occupied-palestinian-territory/population-movement-monitoring-flash-update-april-09-15-2025-update-10,Conflict
182794.0,Palestine,PSE,31.707121,35.206589,"[31.707121, 35.206589]",Recommended figure,Conflict,total,32,2025-04-09,2025-04-09,2025-04-09,2025,31118.0,Palestine: Communal violence - Bethlehem - 09/04/2025,2025-04-09,2025-04-09,Office for the Coordination of Humanitarian Affairs (OCHA),https://reliefweb.int/report/occupied-palestinian-territory/humanitarian-situation-update-281-west-bank-enar,"Bethlehem, West Bank, Palestinian Territories","31.707121, 35.206589",County/City/town/Village/Woreda (ADM3),Origin,Displacement without preventive evacuations reported,2025-04-23 11:49:29.779554+00:00,"Palestine: 32 displacements, 09 April - 09 April. Communal violence resulted in a total of 32 people being displaced in Bethlehem, West Bank, Palestinian Territories on 9 April, according to Office for the Coordination of Humanitarian Affairs (OCHA).",https://reliefweb.int/report/occupied-palestinian-territory/humanitarian-situation-update-281-west-bank-enar,Conflict
182203.0,Palestine,PSE,31.43317,34.37793,"[31.43317, 34.37793]",Recommended figure,Conflict,total,11743,2025-04-09,2025-04-07,2025-04-09,2025,30896.0,Palestine:  International armed conflict (IAC) (Hostilities Gaza/Israel) - Gaza Strip - 01/01/2025,2025-01-01,2025-12-31,Site Management Cluster - Palestine,https://reliefweb.int/report/occupied-palestinian-territory/population-movement-monitoring-flash-update-april-06-09-2025-update-9,"Gaza Strip,  Gaza Strip, Palestinian Territories","31.43317, 34.37793",Point,Origin,Displacement without preventive evacuations reported,2025-04-11 12:11:11.998894+00:00,"Palestine: 11,743 displacements, 07 April - 09 April. According to the Site Management Cluster - Palestine, a total of 11,743 people were displaced in the Gaza Strip, due to international armed conflict (iac) between 7 April and 9 April",https://reliefweb.int/report/occupied-palestinian-territory/population-movement-monitoring-flash-update-april-06-09-2025-update-9,Conflict
182800.0,Palestine,PSE,32.44712933333333,35.27217366666667,"[32.44712933333333, 35.27217366666667]",Recommended figure,Conflict,approximately,1923,2025-04-12,2025-04-06,2025-04-12,2025,31145.0,Palestine: International armed conflict (IAC) - West Bank - 01/01/2025,2025-01-01,2025-12-31,Local Authorities; Office for the Coordination of Humanitarian Affairs (OCHA),https://reliefweb.int/report/occupied-palestinian-territory/humanitarian-situation-update-281-west-bank-enar,"Al-Hadaf, Jenin Governorate, Judea and Samaria, Palestinian Territories; Al-Jabriat, Jenin Governorate, Judea and Samaria, Palestinian Territories; Jenin Governorate, Judea and Samaria, Palestinian Territories","32.462318, 35.278709; 32.452888, 35.282452; 32.426182, 35.25536",Point; Point; District/Zone/Department (ADM2),Origin; Origin; Origin,Displacement without preventive evacuations reported,2025-04-23 12:51:28.683071+00:00,"Palestine: 1,923 displacements, 06 April - 12 April. A total of 380 households were displaced due to international armed conflict (iac) on 6 April in Hadaf, Jabriyat, and Khallet Souha neighbourhoods in Jenin Governorate according to Office for the Coordination of Humanitarian Affairs (OCHA) and local authorities.",https://reliefweb.int/report/occupied-palestinian-territory/humanitarian-situation-update-281-west-bank-enar,Conflict
182202.0,Palestine,PSE,31.43317,34.37793,"[31.43317, 34.37793]",Recommended figure,Conflict,total,109843,2025-04-06,2025-04-03,2025-04-06,2025,30896.0,Palestine:  International armed conflict (IAC) (Hostilities Gaza/Israel) - Gaza Strip - 01/01/2025,2025-01-01,2025-12-31,Site Management Cluster - Palestine,https://reliefweb.int/report/occupied-palestinian-territory/population-movement-monitoring-flash-update-april-02-06-2025-update-8,"Gaza Strip, Deir al-Balah Governorate, Gaza Strip, Palestinian Territories","31.43317, 34.37793",State/Region/Province (ADM1),Origin,Displacement without preventive evacuations reported,2025-04-11 12:08:21.891381+00:00,"Palestine: 109,843 displacements, 03 April - 06 April. International armed conflict (iac) resulted in a total of 109,843 people being displaced in the Gaza Strip between 3 April and April 6, according to the Site Management Cluster - Palestine.",https://reliefweb.int/report/occupied-palestinian-territory/population-movement-monitoring-flash-update-april-02-06-2025-update-8,Conflict
182801.0,Palestine,PSE,32.3227615,35.0702555,"[32.3227615, 35.0702555]",Recommended figure,Conflict,total,253,2025-04-17,2025-04-01,2025-04-17,2025,31145.0,Palestine: International armed conflict (IAC) - West Bank - 01/01/2025,2025-01-01,2025-12-31,Local Authorities; Office for the Coordination of Humanitarian Affairs (OCHA),https://reliefweb.int/report/occupied-palestinian-territory/humanitarian-situation-update-281-west-bank-enar,"Nur Shams Refugee camp, Tulkarm Governorate, Judea and Samaria, Palestinian Territories; Tulkarm Governorate, Judea and Samaria, Palestinian Territories","32.318062, 35.056252; 32.327461, 35.084259",County/City/town/Village/Woreda (ADM3); District/Zone/Department (ADM2),Origin; Origin,Displacement without preventive evacuations reported,2025-04-23 13:17:41.398746+00:00,"Palestine: 253 displacements, 01 April - 17 April. According to Office for the Coordination of Humanitarian Affairs (OCHA) and local authority, a total of 50 households were displaced in Tulkarm Governorate, and, Nur Shams Refugee camp, due to international armed conflict (iac) between 1 April and 17 April.",https://reliefweb.int/report/occupied-palestinian-territory/humanitarian-situation-update-281-west-bank-enar,Conflict
182040.0,Palestine,PSE,31.43317,34.37793,"[31.43317, 34.37793]",Recommended figure,Conflict,total,96710,2025-04-02,2025-03-28,2025-04-02,2025,30896.0,Palestine:  International armed conflict (IAC) (Hostilities Gaza/Israel) - Gaza Strip - 01/01/2025,2025-01-01,2025-12-31,Site Management Cluster - Palestine,https://reliefweb.int/report/occupied-palestinian-territory/population-movement-monitoring-flash-update-30-march-02-april-2025-update-7,"Gaza Strip, Gaza Strip, Palestinian Territories","31.43317, 34.37793",Point,Origin,Displacement without preventive evacuations reported,2025-04-06 20:50:21.368823+00:00,"Palestine: 96,710 displacements, 28 March - 02 April. According to clusters and consortias, a total of 138195 people were displaced in the Gaza Strip due to international armed conflict (iac) between 24 March and April 2",https://reliefweb.int/report/occupied-palestinian-territory/population-movement-monitoring-flash-update-30-march-02-april-2025-update-7,Conflict
184101.0,Palestine,PSE,31.43317,34.37793,"[31.43317, 34.37793]",Recommended figure,Conflict,total,41485,2025-03-27,2025-03-24,2025-03-27,2025,30896.0,Palestine:  International armed conflict (IAC) (Hostilities Gaza/Israel) - Gaza Strip - 01/01/2025,2025-01-01,2025-12-31,Site Management Cluster - Palestine,https://www.cccmcluster.org/sites/default/files/2025-05/Population%20Movement%20Monitoring%20Flash-Update%20-5.pdf,"Gaza Strip,, Gaza Strip, Palestinian Territories","31.43317, 34.37793",Point,Origin,Displacement without preventive evacuations reported,2025-05-23 13:22:38.221279+00:00,"Palestine: 41,485 displacements, 24 March - 27 March. International armed conflict (iac) resulted in a total of 41485 people being displaced in the Gaza Strip, between 24 March and 27 March, according to the Site Management Cluster - Palestine",https://www.cccmcluster.org/sites/default/files/2025-05/Population%20Movement%20Monitoring%20Flash-Update%20-5.pdf,Conflict
182039.0,Palestine,PSE,31.43317,34.37793,"[31.43317, 34.37793]",Recommended figure,Conflict,total,17810,2025-03-23,2025-03-22,2025-03-23,2025,30896.0,Palestine:  International armed conflict (IAC) (Hostilities Gaza/Israel) - Gaza Strip - 01/01/2025,2025-01-01,2025-12-31,Site Management Cluster - Palestine,https://reliefweb.int/report/occupied-palestinian-territory/population-movement-monitoring-flash-update-21-23-march-2025-update-4,"Gaza Strip,  Gaza Strip, Palestinian Territories","31.43317, 34.37793",Point,Origin,Displacement without preventive evacuations reported,2025-04-06 20:43:09.558720+00:00,"Palestine: 17,810 displacements, 22 March - 23 March. A total of 17810 people were displaced due to international armed conflict (iac) on between 21 and 22 March in the Gaza Strip, according to the Site Management Cluster",https://reliefweb.int/report/occupied-palestinian-territory/population-movement-monitoring-flash-update-21-23-march-2025-update-4,Conflict
182038.0,Palestine,PSE,31.43317,34.37793,"[31.43317, 34.37793]",Recommended figure,Conflict,total,55347,2025-03-21,2025-03-20,2025-03-21,2025,30896.0,Palestine:  International armed conflict (IAC) (Hostilities Gaza/Israel) - Gaza Strip - 01/01/2025,2025-01-01,2025-12-31,Site Management Cluster - Palestine,https://reliefweb.int/report/occupied-palestinian-territory/population-movement-monitoring-flash-update-21-march-2025-update-3,"Gaza Strip, Gaza Strip, Palestinian Territories","31.43317, 34.37793",Point,Origin,Displacement without preventive evacuations reported,2025-04-06 20:33:21.585219+00:00,"Palestine: 55,347 displacements, 20 March - 21 March. International armed conflict (iac) resulted in a total of 55347 people being displaced the Gaza Strip between on 20 and 21 March, according to the Site Management Cluster.",https://reliefweb.int/report/occupied-palestinian-territory/population-movement-monitoring-flash-update-21-march-2025-update-3,Conflict
182037.0,Palestine,PSE,31.43317,34.37793,"[31.43317, 34.37793]",Recommended figure,Conflict,total,60618,2025-03-19,2025-03-19,2025-03-19,2025,30896.0,Palestine:  International armed conflict (IAC) (Hostilities Gaza/Israel) - Gaza Strip - 01/01/2025,2025-01-01,2025-12-31,Site Management Cluster - Palestine,https://reliefweb.int/report/occupied-palestinian-territory/population-movement-monitoring-flash-update-19-march-2025-update-2,"Gaza Strip, Gaza Strip, Palestinian Territories","31.43317, 34.37793",Point,Origin,Displacement without preventive evacuations reported,2025-04-06 20:06:43.362452+00:00,"Palestine: 60,618 displacements, 19 March - 19 March. International armed conflict (iac) resulted in a total of 60618 people being displaced in Gaza Strip on 19 March, according to the Site Management Cluster.",https://reliefweb.int/report/occupied-palestinian-territory/population-movement-monitoring-flash-update-19-march-2025-update-2,Conflict
181773.0,Palestine,PSE,31.43317,34.37793,"[31.43317, 34.37793]",Triangulation,Conflict,more than or equal to,142000,2025-03-23,2025-03-18,2025-03-23,2025,30896.0,Palestine:  International armed conflict (IAC) (Hostilities Gaza/Israel) - Gaza Strip - 01/01/2025,2025-01-01,2025-12-31,Office for the Coordination of Humanitarian Affairs (OCHA),https://reliefweb.int/report/occupied-palestinian-territory/humanitarian-situation-update-275-gaza-strip,"Gaza Strip, Deir al-Balah Governorate, Gaza Strip, Palestinian Territories","31.43317, 34.37793",State/Region/Province (ADM1),Origin,Displacement without preventive evacuations reported,2025-03-31 09:18:40.874743+00:00,"Palestine: 142,000 displacements, 18 March - 23 March. More than or equal to 142000 people were displaced due to international armed conflict (IAC) between 18 March and March 23 across the Gaza Strip, according to Office for the Coordination of Humanitarian Affairs (OCHA).",https://reliefweb.int/report/occupied-palestinian-territory/humanitarian-situation-update-275-gaza-strip,Conflict
182036.0,Palestine,PSE,31.43317,34.37793,"[31.43317, 34.37793]",Recommended figure,Conflict,total,8269,2025-03-18,2025-03-18,2025-03-18,2025,30896.0,Palestine:  International armed conflict (IAC) (Hostilities Gaza/Israel) - Gaza Strip - 01/01/2025,2025-01-01,2025-12-31,Site Management Cluster - Palestine,https://reliefweb.int/report/occupied-palestinian-territory/population-movement-monitoring-flash-update-18-march-2025-update-1,"Gaza Strip,  Gaza Strip, Palestinian Territories","31.43317, 34.37793",Point,Origin,Displacement without preventive evacuations reported,2025-04-06 19:57:43.033816+00:00,"Palestine: 8,269 displacements, 18 March - 18 March. A total of 8269 people were displaced due to international armed conflict (iac) on 18 March in Gaza Strip, according to the Site Management Cluster",https://reliefweb.int/report/occupied-palestinian-territory/population-movement-monitoring-flash-update-18-march-2025-update-1,Conflict
182802.0,Palestine,PSE,32.3227615,35.0702555,"[32.3227615, 35.0702555]",Recommended figure,Conflict,total,1012,2025-03-31,2025-03-15,2025-03-31,2025,31145.0,Palestine: International armed conflict (IAC) - West Bank - 01/01/2025,2025-01-01,2025-12-31,Local Authorities; Office for the Coordination of Humanitarian Affairs (OCHA),https://reliefweb.int/report/occupied-palestinian-territory/humanitarian-situation-update-281-west-bank-enar,"Nur Shams Refugee camp, Tulkarm Governorate, Judea and Samaria, Palestinian Territories; Tulkarm Governorate, Judea and Samaria, Palestinian Territories","32.318062, 35.056252; 32.327461, 35.084259",County/City/town/Village/Woreda (ADM3); District/Zone/Department (ADM2),Origin; Origin,Displacement without preventive evacuations reported,2025-04-23 13:17:41.444752+00:00,"Palestine: 1,012 displacements, 15 March - 31 March. International armed conflict (iac) resulted in a total of 200 households being displaced in Tulkarm Governorate, and Nur Shams Refugee camp,between 15 March and 31 March, according to Office for the Coordination of Humanitarian Affairs (OCHA) and local authorities.",https://reliefweb.int/report/occupied-palestinian-territory/humanitarian-situation-update-281-west-bank-enar,Conflict
181877.0,Palestine,PSE,32.46188,35.297569,"[32.46188, 35.297569]",Recommended figure,Conflict,more than or equal to,500,2025-03-11,2025-03-10,2025-03-11,2025,31145.0,Palestine: International armed conflict (IAC) - West Bank - 01/01/2025,2025-01-01,2025-12-31,Office for the Coordination of Humanitarian Affairs (OCHA),https://reliefweb.int/report/occupied-palestinian-territory/humanitarian-situation-update-272-west-bank-enhear,"Jenin, Jenin Governorate, Judea and Samaria, Palestinian Territories","32.46188, 35.297569",County/City/town/Village/Woreda (ADM3),Origin,Displacement without preventive evacuations reported,2025-04-01 14:00:53.841173+00:00,"Palestine: 500 displacements, 10 March - 11 March. More than or equal to 500 people were displaced due to international armed conflict (iac) between 10 March and 11 March in Jenin, according to Office for the Coordination of Humanitarian Affairs (OCHA).",https://reliefweb.int/report/occupied-palestinian-territory/humanitarian-situation-update-272-west-bank-enhear,Conflict
181900.0,Palestine,PSE,32.46188,35.297569,"[32.46188, 35.297569]",Recommended figure,Conflict,more than or equal to,152,2025-03-04,2025-03-04,2025-03-04,2025,31145.0,Palestine: International armed conflict (IAC) - West Bank - 01/01/2025,2025-01-01,2025-12-31,Office for the Coordination of Humanitarian Affairs (OCHA),https://reliefweb.int/report/occupied-palestinian-territory/humanitarian-situation-update-270-west-bank-enhear,"Jenin, Jenin Governorate, Judea and Samaria, Palestinian Territories","32.46188, 35.297569",County/City/town/Village/Woreda (ADM3),Origin,Displacement without preventive evacuations reported,2025-04-01 15:29:10.276400+00:00,"Palestine: 152 displacements, 04 March - 04 March. According to Office for the Coordination of Humanitarian Affairs (OCHA), more than or equal to 30 households were displaced in Jenin due to international armed conflict (IAC) on 4 March.",https://reliefweb.int/report/occupied-palestinian-territory/humanitarian-situation-update-270-west-bank-enhear,Conflict
181902.0,Palestine,PSE,31.94697,35.273869,"[31.94697, 35.273869]",Recommended figure,Conflict,more than or equal to,25,2025-03-06,2025-02-27,2025-03-06,2025,30934.0,Palestine: Communal violence - West Bank - 27/02/2025,2025-02-27,2025-03-06,Office for the Coordination of Humanitarian Affairs (OCHA),https://reliefweb.int/report/occupied-palestinian-territory/humanitarian-situation-update-270-west-bank-enhear,"West Bank, Palestinian Territories","31.94697, 35.273869",District/Zone/Department (ADM2),Origin,Displacement without preventive evacuations reported,2025-04-01 15:37:33.149210+00:00,"Palestine: 25 displacements, 27 February - 06 March. More than or equal to 5 households were displaced due to communal violence between 27 February and 6 March in West Bank, according to Office for the Coordination of Humanitarian Affairs (OCHA).",https://reliefweb.int/report/occupied-palestinian-territory/humanitarian-situation-update-270-west-bank-enhear,Conflict
183365.0,Palestine,PSE,31.86565,35.457241,"[31.86565, 35.457241]",Recommended figure,Conflict,total,22,2025-01-31,2025-01-31,2025-01-31,2025,31145.0,Palestine: International armed conflict (IAC) - West Bank - 01/01/2025,2025-01-01,2025-12-31,Office for the Coordination of Humanitarian Affairs (OCHA),https://demolition.ochaopt.org/login.aspx,"Jericho, Jericho Governorate, Judea and Samaria, Palestinian Territories","31.86565, 35.457241",County/City/town/Village/Woreda (ADM3),Origin,,2025-05-05 15:44:52.664847+00:00,"Palestine: 22 displacements (destroyed housing), 31 January - 31 January. According to Office for the Coordination of Humanitarian Affairs (OCHA), a total of 22 people were displaced in Jericho due to international armed conflict (iac) on 31 January by housing demolition.",https://demolition.ochaopt.org/login.aspx,Conflict
183507.0,Palestine,PSE,31.806061,35.326118,"[31.806061, 35.326118]",Recommended figure,Conflict,total,5,2025-01-31,2025-01-31,2025-01-31,2025,31145.0,Palestine: International armed conflict (IAC) - West Bank - 01/01/2025,2025-01-01,2025-12-31,Office for the Coordination of Humanitarian Affairs (OCHA),https://demolition.ochaopt.org/login.aspx,"Ramallah/Jerusalem, Ma'ale Adumim, West Bank, Palestinian Territories","31.806061, 35.326118",Point,Origin,,2025-05-09 14:21:28.587030+00:00,"Palestine: 5 displacements (destroyed housing), 31 January - 31 January. According to Office for the Coordination of Humanitarian Affairs (OCHA), a total of 5 people were displaced due to destroyed housing in Jabal al Mukabbir due to international armed conflict (iac) on 31 January",https://demolition.ochaopt.org/login.aspx,Conflict
182912.0,Palestine,PSE,32.180759,35.066608,"[32.180759, 35.066608]",Recommended figure,Conflict,total,7,2025-01-30,2025-01-30,2025-01-30,2025,31145.0,Palestine: International armed conflict (IAC) - West Bank - 01/01/2025,2025-01-01,2025-12-31,Office for the Coordination of Humanitarian Affairs (OCHA),https://demolition.ochaopt.org/login.aspx,"Qalqilya Governorate, Judea and Samaria, Palestinian Territories","32.180759, 35.066608",District/Zone/Department (ADM2),Origin,,2025-04-25 14:03:53.533368+00:00,"Palestine: 7 displacements (destroyed housing), 30 January - 30 January. A total of 7 people were displaced due to international armed conflict (iac) by housing demolition on 30 January in Qalqilya Governorate according to Office for the Coordination of Humanitarian Affairs (OCHA).",https://demolition.ochaopt.org/login.aspx,Conflict
183511.0,Palestine,PSE,32.06403,35.024109,"[32.06403, 35.024109]",Recommended figure,Conflict,total,5,2025-01-29,2025-01-29,2025-01-29,2025,31145.0,Palestine: International armed conflict (IAC) - West Bank - 01/01/2025,2025-01-01,2025-12-31,Office for the Coordination of Humanitarian Affairs (OCHA),https://demolition.ochaopt.org/login.aspx,"Deir Ballut, Salfit Governorate, Judea and Samaria, Palestinian Territories","32.06403, 35.024109",Point,Origin,,2025-05-09 14:21:28.871781+00:00,"Palestine: 5 displacements (destroyed housing), 29 January - 29 January. International armed conflict (iac) resulted in a total of 5 people being displaced due to destroyed housing in Deir Ballut, Salfit Governorate, according to Office for the Coordination of Humanitarian Affairs (OCHA).",https://demolition.ochaopt.org/login.aspx,Conflict
182905.0,Palestine,PSE,31.52466,34.96537,"[31.52466, 34.96537]",Recommended figure,Conflict,total,7,2025-01-29,2025-01-29,2025-01-29,2025,31145.0,Palestine: International armed conflict (IAC) - West Bank - 01/01/2025,2025-01-01,2025-12-31,Office for the Coordination of Humanitarian Affairs (OCHA),https://demolition.ochaopt.org/login.aspx,"As Simia - Deir Samit, Hebron Governorate, Judea and Samaria, Palestinian Territories","31.52466, 34.96537",Point,Origin,,2025-04-25 13:01:01.360825+00:00,"Palestine: 7 displacements (destroyed housing), 29 January - 29 January. According to Office for the Coordination of Humanitarian Affairs (OCHA), a total of 7 people were displaced by housing demolitions in Hebron Governorate due to international armed conflict (iac) on 28 January.",https://demolition.ochaopt.org/login.aspx,Conflict
183509.0,Palestine,PSE,32.327461,35.084259,"[32.327461, 35.084259]",Recommended figure,Conflict,total,4,2025-01-29,2025-01-29,2025-01-29,2025,31145.0,Palestine: International armed conflict (IAC) - West Bank - 01/01/2025,2025-01-01,2025-12-31,Office for the Coordination of Humanitarian Affairs (OCHA),https://demolition.ochaopt.org/login.aspx,"Tulkarm Governorate, Judea and Samaria, Palestinian Territories","32.327461, 35.084259",District/Zone/Department (ADM2),Origin,,2025-05-09 14:21:28.740348+00:00,"Palestine: 4 displacements (destroyed housing), 29 January - 29 January. According to Office for the Coordination of Humanitarian Affairs (OCHA), a total of 4 people were displaced due to destroyed housing in Tulkarm due to international armed conflict (iac) on 29 January",https://demolition.ochaopt.org/login.aspx,Conflict
182910.0,Palestine,PSE,31.707121,35.206589,"[31.707121, 35.206589]",Recommended figure,Conflict,total,18,2025-01-28,2025-01-28,2025-01-28,2025,31145.0,Palestine: International armed conflict (IAC) - West Bank - 01/01/2025,2025-01-01,2025-12-31,Office for the Coordination of Humanitarian Affairs (OCHA),https://demolition.ochaopt.org/login.aspx,"Bethlehem, West Bank, Palestinian Territories","31.707121, 35.206589",County/City/town/Village/Woreda (ADM3),Origin,,2025-04-25 13:58:21.971369+00:00,"Palestine: 18 displacements (destroyed housing), 28 January - 28 January. A total of 18 people were displaced due to international armed conflict (iac) by housing demolition on 9 January in Bethlehem, according to Office for the Coordination of Humanitarian Affairs (OCHA).",https://demolition.ochaopt.org/login.aspx,Conflict
183488.0,Palestine,PSE,31.956129,35.47105,"[31.956129, 35.47105]",Recommended figure,Conflict,total,2,2025-01-28,2025-01-28,2025-01-28,2025,31145.0,Palestine: International armed conflict (IAC) - West Bank - 01/01/2025,2025-01-01,2025-12-31,Office for the Coordination of Humanitarian Affairs (OCHA),https://demolition.ochaopt.org/login.aspx,"Jericho Governorate, Judea and Samaria, Palestinian Territories","31.956129, 35.47105",District/Zone/Department (ADM2),Origin,,2025-05-08 15:54:34.291882+00:00,"Palestine: 2 displacements (destroyed housing), 28 January - 28 January. A total of 2 people were displaced due to destroyed housing due to international armed conflict (iac) on 28 January in Jericho according to Office for the Coordination of Humanitarian Affairs (OCHA).",https://demolition.ochaopt.org/login.aspx,Conflict
183529.0,Palestine,PSE,32.184681,35.4543,"[32.184681, 35.4543]",Recommended figure,Conflict,total,7,2025-01-26,2025-01-26,2025-01-26,2025,31145.0,Palestine: International armed conflict (IAC) - West Bank - 01/01/2025,2025-01-01,2025-12-31,Office for the Coordination of Humanitarian Affairs (OCHA),https://demolition.ochaopt.org/login.aspx,"Furush Beit Dajan, Arvot Hayarden Regional Council, West Bank, Palestinian Territories","32.184681, 35.4543",County/City/town/Village/Woreda (ADM3),Origin,,2025-05-09 14:38:16.467302+00:00,"Palestine: 7 displacements (destroyed housing), 26 January - 26 January. According to Office for the Coordination of Humanitarian Affairs (OCHA), a total of 7 people were displaced due to destroyed housing in Furush Beit Dajan, due to international armed conflict (iac) on 26 January",https://demolition.ochaopt.org/login.aspx,Conflict
181784.0,Palestine,PSE,32.350148000000004,35.217200500000004,"[32.350148000000004, 35.217200500000004]",Recommended figure,Conflict,total,40000,2025-02-10,2025-01-21,2025-02-10,2025,31145.0,Palestine: International armed conflict (IAC) - West Bank - 01/01/2025,2025-01-01,2025-12-31,United Nations (UN),https://news.un.org/en/story/2025/02/1159971,"Jenin Refugee Camp, Jenin Governorate, Judea and Samaria, Palestinian Territories; Nur Shams Refugee camp, Tulkarm Governorate, Judea and Samaria, Palestinian Territories; Tubas Governorate, Judea and Samaria, Palestinian Territories; Tulkarm Governorate, Judea and Samaria, Palestinian Territories","32.460201, 35.28817; 32.318062, 35.056252; 32.294868, 35.440121; 32.327461, 35.084259",Point; County/City/town/Village/Woreda (ADM3); District/Zone/Department (ADM2); District/Zone/Department (ADM2),Origin; Origin; Origin; Origin,Displacement without preventive evacuations reported,2025-03-31 10:11:33.330206+00:00,"Palestine: 40,000 displacements, 21 January - 10 February. According to United Nations (UN), a total of 40000 people were displaced in Jenin Refugee Camp, Tulkarm, Nur Shams Refugee camp, and Far'a camp due to international armed conflict (IAC) between 21 January and 10 February",https://news.un.org/en/story/2025/02/1159971,Conflict
183368.0,Palestine,PSE,31.806061,35.326118,"[31.806061, 35.326118]",Recommended figure,Conflict,total,4,2025-01-21,2025-01-21,2025-01-21,2025,31145.0,Palestine: International armed conflict (IAC) - West Bank - 01/01/2025,2025-01-01,2025-12-31,Office for the Coordination of Humanitarian Affairs (OCHA),https://demolition.ochaopt.org/login.aspx,"Ramallah/Jerusalem, Ma'ale Adumim, West Bank, Palestinian Territories","31.806061, 35.326118",Point,Origin,,2025-05-06 13:59:22.967685+00:00,"Palestine: 4 displacements (destroyed housing), 21 January - 21 January. International armed conflict (iac) resulted in a total of 4 people being displaced by housing demolition in Sur Bahir on 21 January, according to Office for the Coordination of Humanitarian Affairs (OCHA).",https://demolition.ochaopt.org/login.aspx,Conflict
182909.0,Palestine,PSE,32.17844,35.051819,"[32.17844, 35.051819]",Recommended figure,Conflict,total,12,2025-01-09,2025-01-09,2025-01-09,2025,31145.0,Palestine: International armed conflict (IAC) - West Bank - 01/01/2025,2025-01-01,2025-12-31,Office for the Coordination of Humanitarian Affairs (OCHA),https://demolition.ochaopt.org/login.aspx,"'Azzun, West Bank, Palestinian Territories","32.17844, 35.051819",Point,Origin,,2025-04-25 13:54:16.429919+00:00,"Palestine: 12 displacements (destroyed housing), 09 January - 09 January. A total of 12 people were displaced due to international armed conflict (iac) by housing demolition on 9 January in 'Azzun, according to Office for the Coordination of Humanitarian Affairs (OCHA).",https://demolition.ochaopt.org/login.aspx,Conflict
183525.0,Palestine,PSE,32.313782,35.03532,"[32.313782, 35.03532]",Recommended figure,Conflict,total,15,2025-01-08,2025-01-08,2025-01-08,2025,31145.0,Palestine: International armed conflict (IAC) - West Bank - 01/01/2025,2025-01-01,2025-12-31,Office for the Coordination of Humanitarian Affairs (OCHA),https://demolition.ochaopt.org/login.aspx,"Tulkarm Camp, Tulkarm Governorate, Judea and Samaria, Palestinian Territories","32.313782, 35.03532",County/City/town/Village/Woreda (ADM3),Origin,,2025-05-09 14:38:16.173621+00:00,"Palestine: 15 displacements (destroyed housing), 08 January - 08 January. A total of 15 people were displaced due to destroyed housing due to international armed conflict (iac) on 8 January in Tulkarm Camp, according to Office for the Coordination of Humanitarian Affairs (OCHA).",https://demolition.ochaopt.org/login.aspx,Conflict
183526.0,Palestine,PSE,32.06628,35.083511,"[32.06628, 35.083511]",Recommended figure,Conflict,total,11,2025-01-08,2025-01-08,2025-01-08,2025,31145.0,Palestine: International armed conflict (IAC) - West Bank - 01/01/2025,2025-01-01,2025-12-31,Office for the Coordination of Humanitarian Affairs (OCHA),https://demolition.ochaopt.org/login.aspx,"Kafr ad Dik, West Bank, Palestinian Territories","32.06628, 35.083511",County/City/town/Village/Woreda (ADM3),Origin,,2025-05-09 14:38:16.262035+00:00,"Palestine: 11 displacements (destroyed housing), 08 January - 08 January. According to Office for the Coordination of Humanitarian Affairs (OCHA), a total of 11 people were displaced due to destroyed housing in Kafr ad Dik, due to international armed conflict (iac) on 8 January",https://demolition.ochaopt.org/login.aspx,Conflict
183363.0,Palestine,PSE,31.806061,35.326118,"[31.806061, 35.326118]",Recommended figure,Conflict,total,5,2025-01-08,2025-01-08,2025-01-08,2025,31145.0,Palestine: International armed conflict (IAC) - West Bank - 01/01/2025,2025-01-01,2025-12-31,Office for the Coordination of Humanitarian Affairs (OCHA),https://demolition.ochaopt.org/login.aspx,"Ramallah/Jerusalem, Ma'ale Adumim, West Bank, Palestinian Territories","31.806061, 35.326118",Point,Origin,,2025-05-05 15:40:24.902345+00:00,"Palestine: 5 displacements (destroyed housing), 08 January - 08 January. A total of 5 people were displaced due to international armed conflict (iac) by housing demolition on 8 January in Jerusalem according to Office for the Coordination of Humanitarian Affairs (OCHA).",https://demolition.ochaopt.org/login.aspx,Conflict
183528.0,Palestine,PSE,31.83042,35.20549,"[31.83042, 35.20549]",Recommended figure,Conflict,total,5,2025-01-08,2025-01-08,2025-01-08,2025,31145.0,Palestine: International armed conflict (IAC) - West Bank - 01/01/2025,2025-01-01,2025-12-31,Office for the Coordination of Humanitarian Affairs (OCHA),https://demolition.ochaopt.org/login.aspx,"Beit Hanina, West Bank, Palestinian Territories","31.83042, 35.20549",County/City/town/Village/Woreda (ADM3),Origin,,2025-05-09 14:38:16.407315+00:00,"Palestine: 5 displacements (destroyed housing), 08 January - 08 January. According to Office for the Coordination of Humanitarian Affairs (OCHA), a total of 5 people were displaced due to destroyed housing in Beit Hanina, due to international armed conflict (iac) on 8 January.",https://demolition.ochaopt.org/login.aspx,Conflict
183490.0,Palestine,PSE,31.806061,35.326118,"[31.806061, 35.326118]",Recommended figure,Conflict,total,2,2025-01-07,2025-01-07,2025-01-07,2025,31145.0,Palestine: International armed conflict (IAC) - West Bank - 01/01/2025,2025-01-01,2025-12-31,Office for the Coordination of Humanitarian Affairs (OCHA),https://demolition.ochaopt.org/login.aspx,"Ramallah/Jerusalem, Ma'ale Adumim, West Bank, Palestinian Territories","31.806061, 35.326118",Point,Origin,,2025-05-08 15:59:06.274751+00:00,"Palestine: 2 displacements (destroyed housing), 07 January - 07 January. International armed conflict (iac) resulted in a total of 2 people being displaced due to destroyed housing in Jabal Al Mukabbir, Jerusalem, on 7 January, according to Office for the Coordination of Humanitarian Affairs (OCHA).",https://demolition.ochaopt.org/login.aspx,Conflict
183372.0,Palestine,PSE,31.806061,35.326118,"[31.806061, 35.326118]",Recommended figure,Conflict,total,39,2025-01-21,2025-01-05,2025-01-21,2025,31145.0,Palestine: International armed conflict (IAC) - West Bank - 01/01/2025,2025-01-01,2025-12-31,Office for the Coordination of Humanitarian Affairs (OCHA),https://demolition.ochaopt.org/login.aspx,"Ramallah/Jerusalem, Ma'ale Adumim, West Bank, Palestinian Territories","31.806061, 35.326118",Point,Origin,,2025-05-06 14:20:39.684350+00:00,"Palestine: 39 displacements (destroyed housing), 05 January - 21 January. A total of 39 people were displaced due to destroyed housing due to international armed conflict (iac) on 5 January in Silwan according to Office for the Coordination of Humanitarian Affairs (OCHA).",https://demolition.ochaopt.org/login.aspx,Conflict
182906.0,Palestine,PSE,32.327461,35.084259,"[32.327461, 35.084259]",Recommended figure,Conflict,total,8,2025-01-02,2025-01-02,2025-01-02,2025,31145.0,Palestine: International armed conflict (IAC) - West Bank - 01/01/2025,2025-01-01,2025-12-31,Office for the Coordination of Humanitarian Affairs (OCHA),https://demolition.ochaopt.org/login.aspx,"Tulkarm Governorate, Judea and Samaria, Palestinian Territories","32.327461, 35.084259",District/Zone/Department (ADM2),Origin,,2025-04-25 13:12:36.112548+00:00,"Palestine: 8 displacements (destroyed housing), 02 January - 02 January. According to Office for the Coordination of Humanitarian Affairs (OCHA), a total of 8 people were displaced by demolitions in Tulkarm Governorate due to international armed conflict (iac) on 2 January",https://demolition.ochaopt.org/login.aspx,Conflict
175302.0,Palestine,PSE,32.46188,35.297569,"[32.46188, 35.297569]",Triangulation,Conflict,approximately,10120,2025-01-22,2025-01-01,2025-01-22,2025,31145.0,Palestine: International armed conflict (IAC) - West Bank - 01/01/2025,2025-01-01,2025-12-31,United Nations Relief and Works Agency (UNRWA),https://www.aljazeera.com/news/2025/1/22/deadly-israeli-raid-in-jenin-leads-to-mass-displacement-destruction,"Jenin, Jenin Governorate, Judea and Samaria, Palestinian Territories","32.46188, 35.297569",County/City/town/Village/Woreda (ADM3),Origin,Displacement without preventive evacuations reported,2025-01-27 14:51:45.294509+00:00,"Palestine: 10,120 displacements, 01 January - 22 January. According to United Nations Relief and Works Agency (UNRWA), approximately 2000 households were displaced in Jenin Governorate due to international armed conflict (IAC) between 15 December 2024 and 22 January 2025",https://www.aljazeera.com/news/2025/1/22/deadly-israeli-raid-in-jenin-leads-to-mass-displacement-destruction,Conflict
183361.0,Palestine,PSE,31.73238,35.164021,"[31.73238, 35.164021]",Recommended figure,Conflict,total,5,2025-01-01,2025-01-01,2025-01-01,2025,31145.0,Palestine: International armed conflict (IAC) - West Bank - 01/01/2025,2025-01-01,2025-12-31,Office for the Coordination of Humanitarian Affairs (OCHA),https://demolition.ochaopt.org/login.aspx,"Al-Walaja, West Bank, Palestinian Territories","31.73238, 35.164021",County/City/town/Village/Woreda (ADM3),Origin,,2025-05-05 15:36:34.457847+00:00,"Palestine: 5 displacements (destroyed housing), 01 January - 01 January. A total of 5 people were displaced due to international armed conflict (iac) by housing demolition on 1 January in Al Walaja according to Office for the Coordination of Humanitarian Affairs (OCHA).",https://demolition.ochaopt.org/login.aspx,Conflict
174562.0,Palestine,PSE,31.834921,35.13969,"[31.834921, 35.13969]",Triangulation,Conflict,total,6,2024-12-30,2024-12-30,2024-12-30,2024,29278.0,Palestine: International armed conflict (IAC) (Demolitions)- Jerusalem Governorate - 01/12/2024,2024-12-01,2024-12-31,Office for the Coordination of Humanitarian Affairs (OCHA),https://demolition.ochaopt.org/Index.aspx,"Al-Jabal Street, West Bank, Palestinian Territories","31.834921, 35.13969",Point,Origin,,2025-01-15 10:00:56.451956+00:00,"Palestine: 6 displacements (destroyed housing), 30 December - 30 December. According to the Office for the Coordination of Humanitarian Affairs (OCHA), 6 people were displaced by housing demolitions due to lack of permit in Jabal al Mukkabir Neighbourhood, Jerusalem Governorate on 30 December 2024.",https://demolition.ochaopt.org/Index.aspx,Conflict
174677.0,Palestine,PSE,31.806061,35.326118,"[31.806061, 35.326118]",Triangulation,Conflict,total,6,2024-12-26,2024-12-26,2024-12-26,2024,29278.0,Palestine: International armed conflict (IAC) (Demolitions)- Jerusalem Governorate - 01/12/2024,2024-12-01,2024-12-31,Office for the Coordination of Humanitarian Affairs (OCHA),https://demolition.ochaopt.org/Index.aspx,"Ramallah/Jerusalem, Ma'ale Adumim, West Bank, Palestinian Territories","31.806061, 35.326118",State/Region/Province (ADM1),Origin,,2025-01-17 06:39:01.965428+00:00,"Palestine: 6 displacements (destroyed housing), 26 December - 26 December. According to the Office for the Coordination of Humanitarian Affairs (OCHA), 6 person was displaced by housing demolitions due to lack of permit in Sur Bahir, Jerusalem Governorate on 26 December 2024.",https://demolition.ochaopt.org/Index.aspx,Conflict
174729.0,Palestine,PSE,32.318062,35.056252,"[32.318062, 35.056252]",Triangulation,Conflict,total,34,2024-12-24,2024-12-24,2024-12-24,2024,29316.0,Palestine: International armed conflict (IAC)  (Demolitions)  -Tulkarm Governorate - 01/12/2024,2024-12-01,2024-12-31,Office for the Coordination of Humanitarian Affairs (OCHA),https://demolition.ochaopt.org/Index.aspx,"Nur Shams Refugee camp, Tulkarm Governorate, Judea and Samaria, Palestinian Territories","32.318062, 35.056252",County/City/town/Village/Woreda (ADM3),Origin,,2025-01-19 09:18:28.053414+00:00,"Palestine: 34 displacements (destroyed housing), 24 December - 24 December. According to the Office for the Coordination of Humanitarian Affairs (OCHA), 34 people were displaced by housing demolitions due to military operation in Nur Shams Camp, Tulkarm Governorate on 12 December 2024.",https://demolition.ochaopt.org/Index.aspx,Conflict
174730.0,Palestine,PSE,32.313782,35.03532,"[32.313782, 35.03532]",Triangulation,Conflict,total,61,2024-12-24,2024-12-24,2024-12-24,2024,29316.0,Palestine: International armed conflict (IAC)  (Demolitions)  -Tulkarm Governorate - 01/12/2024,2024-12-01,2024-12-31,Office for the Coordination of Humanitarian Affairs (OCHA),https://demolition.ochaopt.org/Index.aspx,"Tulkarm Camp, Tulkarm Governorate, Judea and Samaria, Palestinian Territories","32.313782, 35.03532",County/City/town/Village/Woreda (ADM3),Origin,,2025-01-19 09:31:21.424488+00:00,"Palestine: 61 displacements (destroyed housing), 24 December - 24 December. According to the Office for the Coordination of Humanitarian Affairs (OCHA), 61 people were displaced by housing demolitions due to military operation in Tulkarm Camp, Tulkarm Governorate on 24 December 2024.",https://demolition.ochaopt.org/Index.aspx,Conflict
174726.0,Palestine,PSE,31.62322,35.136929,"[31.62322, 35.136929]",Triangulation,Conflict,total,7,2024-12-23,2024-12-23,2024-12-23,2024,29305.0,Palestine: International armed conflict (IAC) (Demolitions) - Hebron Governorate- 01/12/2024,2024-12-01,2024-12-31,Office for the Coordination of Humanitarian Affairs (OCHA),https://demolition.ochaopt.org/Index.aspx,"Al-Arroub Refugee Camp, Hebron Governorate, Judea and Samaria, Palestinian Territories","31.62322, 35.136929",County/City/town/Village/Woreda (ADM3),Origin,,2025-01-19 08:45:35.526564+00:00,"Palestine: 7 displacements (destroyed housing), 23 December - 23 December. According to the Office for the Coordination of Humanitarian Affairs (OCHA),7 people were displaced by housing demolitions due to military operation in Al-Arroub Refugee Camp, Hebron Governorate on 23 December 2024.",https://demolition.ochaopt.org/Index.aspx,Conflict
174651.0,Palestine,PSE,31.806061,35.326118,"[31.806061, 35.326118]",Triangulation,Conflict,total,2,2024-12-22,2024-12-22,2024-12-22,2024,29278.0,Palestine: International armed conflict (IAC) (Demolitions)- Jerusalem Governorate - 01/12/2024,2024-12-01,2024-12-31,Office for the Coordination of Humanitarian Affairs (OCHA),https://demolition.ochaopt.org/Index.aspx,"Ramallah/Jerusalem, Ma'ale Adumim, West Bank, Palestinian Territories","31.806061, 35.326118",Point,Origin,,2025-01-16 10:03:45.501339+00:00,"Palestine: 2 displacements (destroyed housing), 22 December - 22 December. According to the Office for the Coordination of Humanitarian Affairs (OCHA), 2 people were displaced by housing demolitions due Lack of permit in Silwan Neighbourhood Al Bustan Jerusalen Governorate on 22 December 2024",https://demolition.ochaopt.org/Index.aspx,Conflict
174680.0,Palestine,PSE,31.806061,35.326118,"[31.806061, 35.326118]",Triangulation,Conflict,total,13,2024-12-22,2024-12-22,2024-12-22,2024,29278.0,Palestine: International armed conflict (IAC) (Demolitions)- Jerusalem Governorate - 01/12/2024,2024-12-01,2024-12-31,Office for the Coordination of Humanitarian Affairs (OCHA),https://demolition.ochaopt.org/Index.aspx,"Ramallah/Jerusalem, Ma'ale Adumim, West Bank, Palestinian Territories","31.806061, 35.326118",Point,Origin,,2025-01-17 07:16:15.167373+00:00,"Palestine: 13 displacements (destroyed housing), 22 December - 22 December. According to the Office for the Coordination of Humanitarian Affairs (OCHA), 13 people were displaced by housing demolitions due to lack of permit in Beit Safafa, Jerusalem Governorate on 22 December 2024.",https://demolition.ochaopt.org/Index.aspx,Conflict
174561.0,Palestine,PSE,31.834921,35.13969,"[31.834921, 35.13969]",Triangulation,Conflict,total,2,2024-12-21,2024-12-21,2024-12-21,2024,29278.0,Palestine: International armed conflict (IAC) (Demolitions)- Jerusalem Governorate - 01/12/2024,2024-12-01,2024-12-31,Office for the Coordination of Humanitarian Affairs (OCHA),https://demolition.ochaopt.org/Index.aspx,"Al-Jabal Street, West Bank, Palestinian Territories","31.834921, 35.13969",Point,Origin,,2025-01-15 10:00:56.404427+00:00,"Palestine: 2 displacements (destroyed housing), 21 December - 21 December. According to the Office for the Coordination of Humanitarian Affairs (OCHA), 2 people were displaced by housing demolitions due to military operation in Jabal al Mukabbir Neighbourhood, in Jerusalem Governorate on 21 December 2024.",https://demolition.ochaopt.org/Index.aspx,Conflict
174690.0,Palestine,PSE,31.816629,35.268009,"[31.816629, 35.268009]",Triangulation,Conflict,total,41,2024-12-16,2024-12-16,2024-12-16,2024,29278.0,Palestine: International armed conflict (IAC) (Demolitions)- Jerusalem Governorate - 01/12/2024,2024-12-01,2024-12-31,Office for the Coordination of Humanitarian Affairs (OCHA),https://demolition.ochaopt.org/Index.aspx,"Anata, West Bank, Palestinian Territories","31.816629, 35.268009",Point,Origin,,2025-01-17 12:27:00.741500+00:00,"Palestine: 41 displacements (destroyed housing), 16 December - 16 December. According to the Office for the Coordination of Humanitarian Affairs (OCHA), 41 people were displaced by housing demolitions due to lack of permit in North 'Anata Bedouin , Jerusalem Governorate on 16 December 2024.",https://demolition.ochaopt.org/Index.aspx,Conflict
174738.0,Palestine,PSE,31.806061,35.326118,"[31.806061, 35.326118]",Triangulation,Conflict,total,37,2024-12-16,2024-12-16,2024-12-16,2024,29278.0,Palestine: International armed conflict (IAC) (Demolitions)- Jerusalem Governorate - 01/12/2024,2024-12-01,2024-12-31,Office for the Coordination of Humanitarian Affairs (OCHA),https://demolition.ochaopt.org/Index.aspx,"Ramallah/Jerusalem, Ma'ale Adumim, West Bank, Palestinian Territories","31.806061, 35.326118",Point,Origin,,2025-01-19 20:56:54.459814+00:00,"Palestine: 37 displacements (destroyed housing), 16 December - 16 December. According to the Office for the Coordination of Humanitarian Affairs (OCHA), 37 people were displaced by housing demolitions due to lack of permit in Silwan, Jerusalem Governorate, on 16 December 2024.",https://demolition.ochaopt.org/Index.aspx,Conflict
